brand,brand_rank,model,diameter_mm,thickness_mm,lug_to_lug_mm,caliber,price_tier,market_momentum,data_confidence,production_status,source_file
Rolex,1,Oyster Perpetual 28/31/34/36/41,28/31/34/36/41,10.7–11.6,≈34.6/36.5/39/41/47.5,2232/2232/2232/3230/3230,5k_10k,evergreen,набл.,active,rolex.md
Rolex,1,Datejust 31/36/41,31/36/41,≈11.0/11.7/12.0,≈37/43.3/47.6,2236/3235/3235,5k_10k,evergreen,набл.,active,rolex.md
Rolex,1,Submariner No-Date / Date,41,12.3,≈48,3230/3235,5k_10k,evergreen,набл.,active,rolex.md
Rolex,1,Explorer 36 / 40,36/40,11.6,≈43/47,3230,5k_10k,evergreen,набл.,active,rolex.md
Rolex,1,Air-King,40,11.6,≈47.5,3230,5k_10k,contrarian,набл.,active,rolex.md
Rolex,1,GMT-Master II,40,11.9,≈48,3285,10k_15k,macro_trend,набл.,active,rolex.md
Rolex,1,Explorer II,42,12.5,≈50,3285,10k_15k,contrarian,набл.,active,rolex.md
Rolex,1,Yacht-Master 37 / 40 / 42,37/40/42,≈11.7/11.6/11.6,≈44/47.5/50,2236/3235/3235,10k_15k,contrarian,набл.,active,rolex.md
Rolex,1,Sea-Dweller,43,15.0,≈50.5,3235,10k_15k,contrarian,набл.,active,rolex.md
Rolex,1,Deepsea / Deepsea Challenge,44/50,17.7/23,≈51/61,3235,10k_15k,contrarian,набл.,active,rolex.md
Rolex,1,Cosmograph Daytona,40,11.9,≈47.6,4131,15k_plus,speculative_bubble,набл.,active,rolex.md
Rolex,1,Sky-Dweller,42,13.8,≈50,9002,15k_plus,macro_trend,набл.,active,rolex.md
Rolex,1,Day-Date 36 / 40,36/40,≈12/12.0,≈43/47.4,3255,15k_plus,evergreen,набл.,active,rolex.md
Rolex,1,Perpetual 1908,39,9.5,≈47,7140,15k_plus,insider_hype,набл.,active,rolex.md
Patek Philippe,2,Calatrava,39/39/40,8.1/9.2/9.1,≈46.9/47/47.5,30-255 PS / 26-330 SC,15k_plus,evergreen,набл.,active,patek-philippe.md
Patek Philippe,2,Cubitus,45 (ширина),≈8.3–9.6,≈44.9,26-330 / 240 / 31-260,15k_plus,insider_hype,набл.,active,patek-philippe.md
Patek Philippe,2,Nautilus,40–41,8.2–12.5,≈44–48,26-330 / 240 / 26-330 / CH 28-520,15k_plus,speculative_bubble,набл.,active,patek-philippe.md
Patek Philippe,2,Aquanaut,40.8/42.2/42.2,8.1/8.25/11.9,≈46/47/48,26-330 / 324 / CH 28-520,15k_plus,speculative_bubble,набл.,active,patek-philippe.md
Patek Philippe,2,Golden Ellipse,34.5×39.5,5.9,≈44,240,15k_plus,contrarian,набл.,active,patek-philippe.md
Patek Philippe,2,Gondolo,30×33.8 / 28.6×40.8,7.6–7.8,≈39–45,215 / 16-250,15k_plus,contrarian,набл.,active,patek-philippe.md
Patek Philippe,2,Twenty~4,25.1×30 / 36,6.8/10.05,≈30/≈42,E15 quartz / 26-330,15k_plus,evergreen,набл.,active,patek-philippe.md
Patek Philippe,2,Complications,38.5–42,10–11.6,≈46–50,собственные 240/26-330/31-260,15k_plus,evergreen,набл.,active,patek-philippe.md
Patek Philippe,2,Grand Complications,39–44.8,9.7–16.1,≈47–53,собственные сложные,15k_plus,insider_hype,набл.,active,patek-philippe.md
Audemars Piguet,3,Royal Oak Selfwinding,34/37/41,8.8/9.3/10.5,≈41.5/46.5/51,5800/5900/4302,15k_plus,macro_trend,набл.,active,audemars-piguet.md
Audemars Piguet,3,Royal Oak Jumbo Extra-Thin,39,8.1,≈48,7121,15k_plus,speculative_bubble,набл.,active,audemars-piguet.md
Audemars Piguet,3,Royal Oak Chronograph,38/41,11/12.4,≈47/52,2385/4401,15k_plus,macro_trend,набл.,active,audemars-piguet.md
Audemars Piguet,3,Royal Oak Offshore,43/43,14.4,≈55,4302/4401,15k_plus,contrarian,набл.,active,audemars-piguet.md
Audemars Piguet,3,Code 11.59 Selfwinding,41/38,10.7/9.6,≈50/46,4302/5900,15k_plus,contrarian,набл.,active,audemars-piguet.md
Audemars Piguet,3,Code 11.59 Chronograph,41,12.6,≈50,4401,15k_plus,contrarian,набл.,active,audemars-piguet.md
Audemars Piguet,3,Code 11.59 Grande Sonnerie / Universelle,41/42,≈13–15.6,≈50–51,2956 / 1000,15k_plus,insider_hype,оц.класс,active,audemars-piguet.md
Audemars Piguet,3,[RE]Master,40/41,≈9.7–14.6,≈47–50,4409/7129,15k_plus,insider_hype,набл.,active,audemars-piguet.md
Vacheron Constantin,4,Fiftysix,40,9.6–11.6,≈48,1326/2460,10k_15k,contrarian,набл.,active,vacheron-constantin.md
Vacheron Constantin,4,Overseas Self-winding,34.5/41,9.3/10.69,≈42/49,1088/1 / 5100,15k_plus,insider_hype,набл.,active,vacheron-constantin.md
Vacheron Constantin,4,Overseas Dual Time / Chronograph,41/42.5,12/13.7,≈49/52,5110 DT/5200,15k_plus,insider_hype,набл.,active,vacheron-constantin.md
Vacheron Constantin,4,Overseas Ultra-Thin / Perpetual,40/41.5,7.5/8.1,≈48/50,1120/1120 QP,15k_plus,insider_hype,набл.,active,vacheron-constantin.md
Vacheron Constantin,4,Patrimony,36.5–42.5,6.7–8.6,≈42–49,1440/2450/2460,15k_plus,evergreen,набл.,active,vacheron-constantin.md
Vacheron Constantin,4,Traditionnelle,38–41,7.8–11.6,≈46–49,4400/2455/2460,15k_plus,evergreen,набл.,active,vacheron-constantin.md
Vacheron Constantin,4,Historiques American 1921,36.5 / 40×40,7.4/8.06,≈41/≈46,4400 AS,15k_plus,insider_hype,набл.,active,vacheron-constantin.md
Vacheron Constantin,4,Historiques Cornes de Vache,38.5,10.9,≈47,1142,15k_plus,insider_hype,набл.,active,vacheron-constantin.md
Vacheron Constantin,4,Égérie,35/37,9.3–11.95,≈41–44,1088/1 / 1088 L,15k_plus,contrarian,набл.,active,vacheron-constantin.md
Vacheron Constantin,4,Métiers d’Art / Les Cabinotiers,≈40–47,"10,7 (https://www.vacheron-constantin.com/us/en/collections/metiers-d-art/6007a-000g-h047.html); 14,99 (https://www.hodinkee.com/articles/introducing-vacheron-constantin-les-cabinotiers-2025)",≈46; ≈52,мануфактурные сложные,15k_plus,insider_hype,смеш.,active,vacheron-constantin.md
Cartier,5,Tank Must,29.5×22 / 33.7×25.5 / 41.6×31.7,6.6/6.6/8.4,≈29.5/33.7/41.6,кварц / 1847 MC,2k_5k,macro_trend,набл.,active,cartier.md
Cartier,5,Santos-Dumont,31.4×43.5 / 33.9×46.6 / 33.9×46.6,7.3/7.5/9.4,43.5/46.6,кварц / 430 MC,2k_5k,evergreen,набл.,active,cartier.md
Cartier,5,Panthère,25×19 / 30.3×22 / 36.5×27,6–7,≈25–36.5,кварц,2k_5k,macro_trend,набл.,active,cartier.md
Cartier,5,Santos de Cartier,35.1×41.9 / 39.8×47.5,8.8/9.4,41.9/47.5,1847 MC,5k_10k,macro_trend,набл.,active,cartier.md
Cartier,5,Ballon Bleu,28–42,9.4–13,≈34–49,кварц / 1847 MC,5k_10k,evergreen,набл.,active,cartier.md
Cartier,5,Pasha,30/35/41,9–12.4,≈36–48,кварц / 1847 MC / 1904-CH MC,5k_10k,contrarian,набл.,active,cartier.md
Cartier,5,Baignoire,24.6×18.7 – 44×34,7–8,≈25–44,кварц,5k_10k,insider_hype,набл.,active,cartier.md
Cartier,5,Tank Louis Cartier,29.5×22 / 33.7×25.5 / 40.4×34.9,6.3–9.1,≈29.5–40.4,кварц / 1917 MC / 1899 MC,10k_15k,evergreen,набл.,active,cartier.md
Cartier,5,Clé / Coussin / Privé,≈31–43,"10,7 (https://watch.the1916company.com/videos/cartier-cle-de-cartier-automatic-wgcl0006-cartier-watch-review); 7,1 (https://www.cartier.com/en-sa/watches/collections/coussin-de-cartier/coussin-de-cartier-watch-CRWJCS0013.html); 7,7 (https://wristbuzz.com/watch-dimensions/cartier/)","44,4 (https://watch.the1916company.com/videos/cartier-cle-de-cartier-automatic-wgcl0006-cartier-watch-review); 31,1 (https://www.cartier.com/en-sa/watches/collections/coussin-de-cartier/coussin-de-cartier-watch-CRWJCS0013.html); 39,6 (https://wristbuzz.com/watch-dimensions/cartier/)",кварц/мануфактурные,15k_plus,insider_hype,набл.,active,cartier.md
Omega,6,Constellation,25/28/29/36/39/41,≈8–13,≈30–48,кварц/8700/8900,2k_5k,contrarian,набл.,active,omega.md
Omega,6,De Ville Prestige / Trésor / Hour Vision,27.5–44,≈7.7–16,≈33–51,кварц/8800/8926/9300,2k_5k,contrarian,набл.,active,omega.md
Omega,6,Speedmaster Moonwatch Professional,42,13.2,47.5,3861,5k_10k,evergreen,набл.,active,omega.md
Omega,6,Speedmaster 38,38,14.7,≈44.9,3330,5k_10k,contrarian,набл.,active,omega.md
Omega,6,Speedmaster ’57 / Racing / Dark Side,40.5/44.25,12.99–16,≈49–51,9906/9900,5k_10k,contrarian,набл.,active,omega.md
Omega,6,Seamaster Diver 300M,42,13.6,49.9,8800,5k_10k,evergreen,набл.,active,omega.md
Omega,6,Seamaster 300,41,13.85,48,8912,5k_10k,evergreen,набл.,active,omega.md
Omega,6,Planet Ocean 600M,39.5/43.5/45.5,14.2–18.9,≈45.6–52,8800/8900/9900,5k_10k,contrarian,набл.,active,omega.md
Omega,6,Aqua Terra 150M,28/30/34/38/41/43 Worldtimer,≈9.7–14.1,≈33–50,кварц/8800/8900/8938,5k_10k,evergreen,набл.,active,omega.md
Omega,6,Seamaster PloProf,55×48,15.5,≈55,8912,10k_15k,contrarian,набл.,active,omega.md
Jaeger-LeCoultre,7,Reverso Classic Monoface,35.8×21 – 45.6×27.4,7.4–8.5,35.8–45.6,846/854,5k_10k,evergreen,набл.,active,jaeger-lecoultre.md
Jaeger-LeCoultre,7,Reverso Tribute,40.1×24.4 – 49.4×29.9,7.6–11.1,40.1–49.4,822/854/860,5k_10k,insider_hype,набл.,active,jaeger-lecoultre.md
Jaeger-LeCoultre,7,Master Control Date / Calendar / Chronograph,40,8.78–12.05,≈47,899/866/759,5k_10k,evergreen,набл.,active,jaeger-lecoultre.md
Jaeger-LeCoultre,7,Reverso Classic Duoface,42.9×25.5 / 47×28.3,9.2–10.3,42.9/47,854/100A,10k_15k,evergreen,набл.,active,jaeger-lecoultre.md
Jaeger-LeCoultre,7,Master Ultra Thin,39–41.5,7.8–10.95,≈46–48,925/868/978,10k_15k,evergreen,набл.,active,jaeger-lecoultre.md
Jaeger-LeCoultre,7,Polaris Automatic / Date / Chronograph / Geographic,41–42,11.2–13.9,≈47.5–49,898/899/761/939,10k_15k,contrarian,набл.,active,jaeger-lecoultre.md
Jaeger-LeCoultre,7,Rendez-Vous,29/34/36/38.2,≈9–13.1,≈34–44,967/898 и сложные,10k_15k,contrarian,набл.,active,jaeger-lecoultre.md
Jaeger-LeCoultre,7,Duomètre / Hybris Mechanica,39–45,≈9.6–20,≈47–53,собственные сложные,15k_plus,insider_hype,оц.класс,active,jaeger-lecoultre.md
A. Lange & Söhne,8,Lange 1 / Little Lange 1,38.5/36.8,9.8/9.5,≈47/≈44,L121.1,15k_plus,evergreen,набл.,active,a-lange-sohne.md
A. Lange & Söhne,8,Grand Lange 1,41,8.2–9.5,≈49,L095.1,15k_plus,contrarian,набл.,active,a-lange-sohne.md
A. Lange & Söhne,8,Lange 1 Time Zone / Perpetual Calendar,41.9/41.9,10.9/12.1,≈50,L141.1/L021.3,15k_plus,insider_hype,набл.,active,a-lange-sohne.md
A. Lange & Söhne,8,Saxonia Thin,37/39/40,5.9–6.2,≈43–47,L093.1,15k_plus,contrarian,набл.,active,a-lange-sohne.md
A. Lange & Söhne,8,Saxonia Automatic / Outsize Date / Annual Calendar,38.5–40,7.8–9.8,≈46–48,L086/L085,15k_plus,contrarian,набл.,active,a-lange-sohne.md
A. Lange & Söhne,8,1815 / 1815 Up/Down,38.5/39,8.8,≈46,L051/L051.2,15k_plus,evergreen,набл.,active,a-lange-sohne.md
A. Lange & Söhne,8,1815 Chronograph / Rattrapante / Annual Calendar,39.5–41.2,11–14.7,≈48–50,L951/L101/L051.3,15k_plus,insider_hype,набл.,active,a-lange-sohne.md
A. Lange & Söhne,8,Zeitwerk,41.9,12.2,≈50,L043.6,15k_plus,insider_hype,набл.,active,a-lange-sohne.md
A. Lange & Söhne,8,Datograph,41–41.5,13.1–14.7,≈50,L951/L952,15k_plus,insider_hype,набл.,active,a-lange-sohne.md
A. Lange & Söhne,8,Odysseus,40.5,11.1,≈47.5,L155.1,15k_plus,speculative_bubble,набл.,active,a-lange-sohne.md
Grand Seiko,9,Heritage quartz,37,10,44.6,9F62,2k_5k,evergreen,набл.,active,grand-seiko.md
Grand Seiko,9,Elegance hand-wound,37.3,11.6,44.3,9S64,2k_5k,evergreen,набл.,active,grand-seiko.md
Grand Seiko,9,Heritage 44GS mechanical/Spring Drive,36.5/40,11.6–12.3,42.7/46.2,9S64/9R65,5k_10k,evergreen,набл.,active,grand-seiko.md
Grand Seiko,9,Heritage 62GS,40,12.8,47,9R65,5k_10k,macro_trend,набл.,active,grand-seiko.md
Grand Seiko,9,Evolution 9 SLGH,40,11.7,47,9SA5,5k_10k,insider_hype,набл.,active,grand-seiko.md
Grand Seiko,9,Evolution 9 SLGA Spring Drive,40,11.8,47.9,9RA2,5k_10k,insider_hype,набл.,active,grand-seiko.md
Grand Seiko,9,Elegance Spring Drive,38.5,10.2,43.7,9R31,5k_10k,insider_hype,набл.,active,grand-seiko.md
Grand Seiko,9,Sport mechanical/GMT,40.5–44.2,13–14.4,48.6–50.6,9S66/9S86,5k_10k,contrarian,набл.,active,grand-seiko.md
Grand Seiko,9,Sport divers Spring Drive,43.8–44.2,14.7–14.8,50–51,9R65/9RA5,5k_10k,contrarian,набл.,active,grand-seiko.md
Grand Seiko,9,Evolution 9 Tentagraph/GMT,43.2–45.3,13.8–15.3,51.5–52.6,9SC5/9SA5,10k_15k,insider_hype,набл.,active,grand-seiko.md
Grand Seiko,9,Masterpiece/Kodo,43.8 и разные,"9,6 (https://www.grand-seiko.com/us-en/collections/sbgz011j); 12,9 (https://www.grand-seiko.com/uk-en/collections/slgt005g)","45,2 (https://www.grand-seiko.com/us-en/collections/sbgz011j); 50,6 (https://www.grand-seiko.com/uk-en/collections/slgt005g)",9R02/9ST1,15k_plus,insider_hype,смеш.,active,grand-seiko.md
IWC,10,Pilot’s Watch Automatic 36/40/41,36/40/41,10.5–11.4,≈46–51,35111/32111,5k_10k,evergreen,набл.,active,iwc-schaffhausen.md
IWC,10,Mark XX,40,10.8,49.2,32111,5k_10k,evergreen,набл.,active,iwc-schaffhausen.md
IWC,10,Pilot’s Chronograph 41/43,41/43,14.5/15.4,≈51.8/≈53,69385/69380,5k_10k,evergreen,набл.,active,iwc-schaffhausen.md
IWC,10,Big Pilot 43 / 46.2,43/46.2,13.6/15.6,≈52/57,82100/52110,5k_10k,contrarian,набл.,active,iwc-schaffhausen.md
IWC,10,Portugieser Automatic 40/42,40.4/42.4,12.3/13,≈48/50,82200/52011,5k_10k,evergreen,набл.,active,iwc-schaffhausen.md
IWC,10,Portugieser Chronograph,41,13.1,≈48.2,69355,5k_10k,evergreen,набл.,active,iwc-schaffhausen.md
IWC,10,Portofino Automatic / Chronograph,34/37/39/40/42,9.2–13.6,≈40–51,35100/32111/69355,5k_10k,contrarian,набл.,active,iwc-schaffhausen.md
IWC,10,Aquatimer,42–44,14.1–17,≈50–53,32111/89802,5k_10k,contrarian,набл.,active,iwc-schaffhausen.md
IWC,10,Ingenieur Automatic 40 / 35,40/35.1,10.7/9.4,45.7/≈41,32111/47110,10k_15k,insider_hype,набл.,active,iwc-schaffhausen.md
Breguet,11,Classique,38–40,5.4–9.9,≈44–48,502.3/777/502.3/502.3 QSE,15k_plus,evergreen,набл.,active,breguet.md
Breguet,11,Classique Chronométrie / Tourbillon,41–42,7.5–13,≈49–51,574DR/581/581DR,15k_plus,insider_hype,набл.,active,breguet.md
Breguet,11,Tradition,40–42.5,11.6–12.7,≈48–51,507DR/505SR/507F,15k_plus,insider_hype,набл.,active,breguet.md
Breguet,11,Marine,40/42.3,11.5–13.9,≈49–52,777A/582QA/519F,15k_plus,contrarian,набл.,active,breguet.md
Breguet,11,Type XX / Type 20,42,14.1,≈49.6,7281/728,15k_plus,macro_trend,набл.,active,breguet.md
Breguet,11,Reine de Naples,24.95×33 – 36.5×28.45,8.6–11.1,≈33–40,537/586/591A,15k_plus,evergreen,набл.,active,breguet.md
Breguet,11,Hora Mundi / Marine Tourbillon,43.9,13.8–14,≈53,77F1/581,15k_plus,insider_hype,набл.,active,breguet.md
Blancpain,12,Fifty Fathoms Bathyscaphe,38/43,10.8/13.4,≈44/≈49,1150/1315,10k_15k,contrarian,набл.,active,blancpain.md
Blancpain,12,Villeret Ultraplate,29.2/38/40,8.35–8.55,≈35–46,913/1151,10k_15k,contrarian,набл.,active,blancpain.md
Blancpain,12,Fifty Fathoms Automatique,45,15.4,≈50.6,1315,15k_plus,evergreen,набл.,active,blancpain.md
Blancpain,12,Fifty Fathoms 42.3,42.3,14.3,≈47,1315,15k_plus,insider_hype,набл.,active,blancpain.md
Blancpain,12,Bathyscaphe Chronographe / Quantième,43,13.4–15.25,≈49,F385/6654.P,15k_plus,contrarian,набл.,active,blancpain.md
Blancpain,12,Air Command,42.5,13.8,≈49,F388B,15k_plus,insider_hype,набл.,active,blancpain.md
Blancpain,12,Villeret Quantième Complet,38/40,10.45–10.9,≈44–47,6763/6654.4,15k_plus,evergreen,набл.,active,blancpain.md
Blancpain,12,Villeret Carrousel / Tourbillon,42–45,≈11–16,≈50–54,2322/25A,15k_plus,insider_hype,оц.класс,active,blancpain.md
Breitling,13,Navitimer Automatic / GMT,32/36/41,≈8–11.65,≈37–48,кварц/17/32,2k_5k,evergreen,набл.,active,breitling.md
Breitling,13,Superocean Automatic,36/42/44/46,12.2–13.2,≈43–52,17,2k_5k,evergreen,набл.,active,breitling.md
Breitling,13,Avenger,42/44/46,12.1–15.2,≈51–55,17/B01,2k_5k,contrarian,набл.,active,breitling.md
Breitling,13,Professional Endurance / Aerospace / Emergency,44–51,12.5–21.6,≈52–61,SuperQuartz 82/79/76,2k_5k,contrarian,набл.,active,breitling.md
Breitling,13,Navitimer B01 Chronograph,41/43/46,13.6–13.95,≈47–54,B01,5k_10k,evergreen,набл.,active,breitling.md
Breitling,13,Chronomat Automatic GMT,36/40,10–11.77,≈43–47,10/32,5k_10k,macro_trend,набл.,active,breitling.md
Breitling,13,Chronomat B01 Chronograph,42/44,15.1–16.95,≈50–53,B01/B04,5k_10k,evergreen,набл.,active,breitling.md
Breitling,13,Superocean Heritage,40/42/44/46,11.8–15.7,≈48–54,B20/B01,5k_10k,evergreen,набл.,active,breitling.md
Breitling,13,Premier,40/42,11.4–13.65,≈47–50,B09/B01/B25,5k_10k,insider_hype,набл.,active,breitling.md
Breitling,13,Top Time,38/41,10.3–13.3,≈45–50,B31/B01,5k_10k,macro_trend,набл.,active,breitling.md
Zenith,14,Chronomaster Revival,37,12.6,≈47,El Primero 400,5k_10k,insider_hype,набл.,active,zenith.md
Zenith,14,Defy Skyline,36/41,10.35/12,≈41–47,Elite 670 / El Primero 3620,5k_10k,macro_trend,набл.,active,zenith.md
Zenith,14,Defy Classic / Revival,37–41,≈10.3–10.8,≈44–47,Elite 670,5k_10k,contrarian,набл.,active,zenith.md
Zenith,14,Pilot Big Date Flyback / Automatic,40/42.5,12.9/14.25,≈49/≈52,Elite 3620/3652,5k_10k,insider_hype,набл.,active,zenith.md
Zenith,14,Chronomaster Original,38,12.6,46,El Primero 3600,10k_15k,evergreen,набл.,active,zenith.md
Zenith,14,Chronomaster Sport,41,13.6,46.8,El Primero 3600,10k_15k,macro_trend,набл.,active,zenith.md
Zenith,14,Defy Skyline Chronograph,42,12.7,≈47,El Primero 3600,10k_15k,insider_hype,набл.,active,zenith.md
Zenith,14,Defy Extreme,45,15.4,≈51,El Primero 9004,15k_plus,contrarian,набл.,active,zenith.md
Zenith,14,Defy Zero G / Double Tourbillon / GFJ,39–46,≈12–16,≈47–53,мануфактурные сложные,15k_plus,insider_hype,оц.класс,active,zenith.md
Chopard,15,Mille Miglia Classic / GTS,40.5–44,12.9–13.8,≈49–52,ETA-based / 01.08-C,5k_10k,contrarian,набл.,active,chopard.md
Chopard,15,Happy Sport,25/30/33/36/40,≈8–13,≈30–48,кварц/09.01-C,5k_10k,evergreen,набл.,active,chopard.md
Chopard,15,Imperiale,29/36/40,≈8–10.5,≈34–47,кварц/09.01-C,5k_10k,contrarian,набл.,active,chopard.md
Chopard,15,Alpine Eagle,33/36/41,8–9.7,≈39–47,09.01-C/09.01-C/01.01-C,10k_15k,insider_hype,набл.,active,chopard.md
Chopard,15,L.U.C XPS,40,7.2,≈48,96.12-L,10k_15k,evergreen,набл.,active,chopard.md
Chopard,15,Alpine Eagle XL Chrono,44,13.2,≈53,03.05-C,15k_plus,contrarian,набл.,active,chopard.md
Chopard,15,Alpine Eagle Cadence / XPS,41,8–9.7,≈47,01.12-C/L.U.C 96.40-L,15k_plus,insider_hype,набл.,active,chopard.md
Chopard,15,L.U.C Quattro,43,8.9,≈50,98.01-L,15k_plus,insider_hype,набл.,active,chopard.md
Chopard,15,L.U.C Full Strike / Perpetual / Chrono One,42–45,≈11.5–14,≈50–53,мануфактурные L.U.C,15k_plus,insider_hype,оц.класс,active,chopard.md
Tudor,16,Black Bay 58,39,11.9,≈47.5,MT5402,2k_5k,evergreen,набл.,active,tudor.md
Tudor,16,Black Bay 54,37,11.2,≈46,MT5400,2k_5k,macro_trend,набл.,active,tudor.md
Tudor,16,Black Bay 41 Monochrome,41,13.6,≈50,MT5602-U,2k_5k,macro_trend,набл.,active,tudor.md
Tudor,16,Pelagos FXD,42,12.75,≈52,MT5602,2k_5k,insider_hype,набл.,active,tudor.md
Tudor,16,Black Bay GMT,41,14.6,≈50,MT5652,2k_5k,evergreen,набл.,active,tudor.md
Tudor,16,Ranger,39,12.0,≈47,MT5402,2k_5k,contrarian,набл.,active,tudor.md
Tudor,16,Royal 38/41,38/41,10.4/11.2,≈45/49,T601/T603,2k_5k,contrarian,набл.,active,tudor.md
Tudor,16,1926 36/39/41,36/39/41,9.2–9.3,≈43/46/49,T601/T603,2k_5k,contrarian,набл.,active,tudor.md
Tudor,16,Pelagos 39,39,11.8,≈47,MT5400,5k_10k,macro_trend,набл.,active,tudor.md
Tudor,16,Black Bay Chrono,41,14.4,≈50,MT5813,5k_10k,evergreen,набл.,active,tudor.md
TAG Heuer,17,Formula 1 Solargraph 38,38,≈9.9,≈45.2,TH50-00 solar quartz,1k_2k,macro_trend,набл.,active,tag-heuer.md
TAG Heuer,17,Formula 1 Chronograph 43,43,12.4,≈49.5,quartz,1k_2k,evergreen,набл.,active,tag-heuer.md
TAG Heuer,17,Carrera Date 36,36,10.2,≈41.5,Calibre 7,2k_5k,macro_trend,набл.,active,tag-heuer.md
TAG Heuer,17,Aquaracer Professional 300 Date,42,12.0,≈48,TH31-00,2k_5k,evergreen,набл.,active,tag-heuer.md
TAG Heuer,17,Aquaracer Professional 200 Date 40,40,11.0,≈46,Calibre 5,2k_5k,evergreen,набл.,active,tag-heuer.md
TAG Heuer,17,Connected Calibre E4 45,45,15.3,≈50,цифровая платформа,2k_5k,macro_trend,набл.,active,tag-heuer.md
TAG Heuer,17,Carrera Chronograph Glassbox 39,39,13.9,≈46,TH20-00,5k_10k,macro_trend,набл.,active,tag-heuer.md
TAG Heuer,17,Carrera Chronograph 42,42,14.5,≈48.2,TH20-00/Heuer 02,5k_10k,evergreen,набл.,active,tag-heuer.md
TAG Heuer,17,Monaco Chronograph,39 (квадрат),15.2,≈47.4,TH20-00 / Calibre 11,5k_10k,evergreen,набл.,active,tag-heuer.md
TAG Heuer,17,Autavia Flyback Chronometer,42,15.7,≈50,Heuer 02 COSC,5k_10k,contrarian,набл.,active,tag-heuer.md
Panerai,18,Luminor Marina Quaranta,40,13.45,≈48,P.900,5k_10k,macro_trend,набл.,active,panerai.md
Panerai,18,Luminor Marina 44,44,15.65,≈53.5,P.9010,5k_10k,evergreen,набл.,active,panerai.md
Panerai,18,Luminor Base Logo,44,14.5,≈53.5,P.6000,5k_10k,evergreen,набл.,active,panerai.md
Panerai,18,Luminor Due 42,42,10.7,≈50,P.900,5k_10k,contrarian,набл.,active,panerai.md
Panerai,18,Radiomir Quaranta,40,10.15,≈47.5,P.900,5k_10k,macro_trend,набл.,active,panerai.md
Panerai,18,Radiomir 45 8 Days,45,14.25,≈52,P.5000,5k_10k,contrarian,набл.,active,panerai.md
Panerai,18,Submersible 42,42,13.2,≈50,P.900,5k_10k,evergreen,набл.,active,panerai.md
Panerai,18,Submersible QuarantaQuattro,44,13.35,≈52,P.900,10k_15k,evergreen,набл.,active,panerai.md
Panerai,18,Luminor Chrono,44,15.65,≈53.5,P.9200,10k_15k,contrarian,набл.,active,panerai.md
Panerai,18,Submersible S BRABUS eTitanio,47,16.95,≈57,P.4001/S,15k_plus,insider_hype,смеш.,active,panerai.md
Hublot,19,Classic Fusion Titanium 42,42,10.4,≈50,HUB1110,5k_10k,evergreen,набл.,active,hublot.md
Hublot,19,Classic Fusion Titanium 45,45,10.95,≈53,HUB1112,5k_10k,evergreen,набл.,active,hublot.md
Hublot,19,Big Bang Original 44,44,14.5,≈51,HUB4100,10k_15k,contrarian,набл.,active,hublot.md
Hublot,19,Classic Fusion Chronograph 42,42,11.9,≈50,HUB1153,10k_15k,contrarian,набл.,active,hublot.md
Hublot,19,Big Bang Unico 42,42,14.5,≈51,HUB1280 Unico 2,15k_plus,evergreen,набл.,active,hublot.md
Hublot,19,Big Bang Unico 44,44,14.5,≈52,HUB1280,15k_plus,evergreen,набл.,active,hublot.md
Hublot,19,Spirit of Big Bang 42,42,14.1,≈51 (tonneau),HUB4700,15k_plus,contrarian,набл.,active,hublot.md
Hublot,19,Square Bang Unico 42,42,14.5,≈50 (квадрат),HUB1280,15k_plus,insider_hype,набл.,active,hublot.md
Hublot,19,Big Bang Meca-10 45,45,15.95,≈52,HUB1201,15k_plus,insider_hype,набл.,active,hublot.md
Hublot,19,MP-11 Power Reserve 14 Days,45,14.4,≈52,HUB9011,15k_plus,contrarian,набл.,active,hublot.md
Girard-Perregaux,20,1966 40,40,8.9,≈46.2,GP03300,5k_10k,contrarian,набл.,active,girard-perregaux.md
Girard-Perregaux,20,Casquette 2.0,42.4×33.6,14.64,≈42.4,GP03980 quartz,5k_10k,insider_hype,набл.,active,girard-perregaux.md
Girard-Perregaux,20,Laureato 42,42,10.68,≈48.4,GP01800,10k_15k,macro_trend,набл.,active,girard-perregaux.md
Girard-Perregaux,20,Laureato 38,38,10.0,≈44.8,GP03300,10k_15k,macro_trend,набл.,active,girard-perregaux.md
Girard-Perregaux,20,Vintage 1945 XXL,36.1×35.25,11.74,≈50,GP03300,10k_15k,contrarian,набл.,active,girard-perregaux.md
Girard-Perregaux,20,Laureato 42 Chronograph,42,12.0,≈48.5,GP03300-0141,15k_plus,insider_hype,набл.,active,girard-perregaux.md
Girard-Perregaux,20,Laureato 38 Copper,38,10.0,≈44.8,GP03300,15k_plus,insider_hype,набл.,active,girard-perregaux.md
Girard-Perregaux,20,Laureato Absolute 8Tech,44,15.15,≈55,GP03300,15k_plus,contrarian,набл.,active,girard-perregaux.md
Girard-Perregaux,20,Free Bridge,44,12.2,≈51,GP01800,15k_plus,contrarian,набл.,active,girard-perregaux.md
Girard-Perregaux,20,Tourbillon with Three Flying Bridges,44,15.35,≈52,GP09400,15k_plus,insider_hype,смеш.,active,girard-perregaux.md
Ulysse Nardin,21,Marine Torpilleur 42,42,11.13,≈49,UN-118,10k_15k,contrarian,набл.,active,ulysse-nardin.md
Ulysse Nardin,21,Marine Torpilleur Moonphase 42,42,11.13,≈49,UN-119,10k_15k,contrarian,набл.,active,ulysse-nardin.md
Ulysse Nardin,21,Diver 44,44,14.0,≈51,UN-118,10k_15k,contrarian,набл.,active,ulysse-nardin.md
Ulysse Nardin,21,Diver Net 44,44,14.0,≈51,UN-118,10k_15k,contrarian,набл.,active,ulysse-nardin.md
Ulysse Nardin,21,Freak X 43,43,13.0,≈49,UN-230,15k_plus,insider_hype,набл.,active,ulysse-nardin.md
Ulysse Nardin,21,Freak ONE,44,12.0,≈52,UN-240,15k_plus,insider_hype,набл.,active,ulysse-nardin.md
Ulysse Nardin,21,Freak S,45,16.65,≈53,UN-251,15k_plus,insider_hype,смеш.,active,ulysse-nardin.md
Ulysse Nardin,21,Diver Chronograph 44,44,16.1,≈52,UN-150,15k_plus,contrarian,набл.,active,ulysse-nardin.md
Ulysse Nardin,21,Blast Skeleton X 42,42,12.2,≈49,UN-371,15k_plus,insider_hype,набл.,active,ulysse-nardin.md
Ulysse Nardin,21,Blast Tourbillon 45,45,13.0,≈53,UN-172,15k_plus,insider_hype,смеш.,active,ulysse-nardin.md
Glashütte Original,22,Senator Excellence 40,40,10.0,≈47,Calibre 36-01,5k_10k,contrarian,набл.,active,glashutte-original.md
Glashütte Original,22,PanoMaticLunar 40,40,12.7,≈47,Calibre 90-02,10k_15k,evergreen,набл.,active,glashutte-original.md
Glashütte Original,22,PanoReserve 40,40,11.7,≈47,Calibre 65-01,10k_15k,evergreen,набл.,active,glashutte-original.md
Glashütte Original,22,Senator Excellence Panorama Date Moon Phase 40,40,12.2,≈47,Calibre 36-04,10k_15k,evergreen,набл.,active,glashutte-original.md
Glashütte Original,22,SeaQ 39.5,39.5,12.15,≈47,Calibre 39-11,10k_15k,macro_trend,набл.,active,glashutte-original.md
Glashütte Original,22,SeaQ Panorama Date 43.2,43.2,15.65,≈51.5,Calibre 36-13,10k_15k,evergreen,набл.,active,glashutte-original.md
Glashütte Original,22,PanoMaticInverse 42,42,12.3,≈49,Calibre 91-02,15k_plus,insider_hype,набл.,active,glashutte-original.md
Glashütte Original,22,Senator Chronometer 42,42,12.47,≈49,Calibre 58-01,15k_plus,contrarian,набл.,active,glashutte-original.md
Glashütte Original,22,SeaQ Chronograph 43.2,43.2,16.95,≈51.5,Calibre 37-23,15k_plus,contrarian,набл.,active,glashutte-original.md
Glashütte Original,22,Seventies Chronograph Panorama Date,40×40,14.1,≈47.5,Calibre 37-02,15k_plus,contrarian,набл.,active,glashutte-original.md
Piaget,23,Piaget Polo Date 42,42,9.4,≈47.4,1110P,10k_15k,macro_trend,набл.,active,piaget.md
Piaget,23,Piaget Polo Field 42,42,9.4,≈47.4,1110P,10k_15k,macro_trend,набл.,active,piaget.md
Piaget,23,Altiplano Origin Automatic 40,40,6.36,≈47,1205P1,15k_plus,evergreen,набл.,active,piaget.md
Piaget,23,Altiplano Origin Manual 38,38,6.0,≈44,430P,15k_plus,evergreen,набл.,active,piaget.md
Piaget,23,Altiplano Ultimate Automatic 41,41,4.3,≈48,910P,15k_plus,insider_hype,набл.,active,piaget.md
Piaget,23,Altiplano Ultimate Concept 41,41,2.0,≈48,900P-UC,15k_plus,insider_hype,оц.класс,active,piaget.md
Piaget,23,Piaget Polo Skeleton 42,42,6.5,≈47.4,1200S1,15k_plus,insider_hype,набл.,active,piaget.md
Piaget,23,Piaget Polo Chronograph 42,42,11.2,≈47.4,1160P,15k_plus,contrarian,набл.,active,piaget.md
Piaget,23,Limelight Gala 32,32,≈8,≈41,501P1,15k_plus,evergreen,набл.,active,piaget.md
Piaget,23,Emperador Coussin Tourbillon,46.5,≈10.4,≈54,1270S,15k_plus,contrarian,оц.класс,active,piaget.md
Bulgari,24,Bulgari Aluminium 40,40,9.7,≈48,B192 / automatic,2k_5k,macro_trend,набл.,active,bulgari.md
Bulgari,24,Bulgari Aluminium Chronograph 40,40,11.1,≈48,B130 quartz,2k_5k,evergreen,набл.,active,bulgari.md
Bulgari,24,Octo Roma Automatic 41,41,9.15,≈46,BVL 191,5k_10k,evergreen,набл.,active,bulgari.md
Bulgari,24,Bulgari Bulgari 41,41,9.6,≈47,BVL 191,5k_10k,evergreen,набл.,active,bulgari.md
Bulgari,24,Serpenti Seduttori 33,33,≈6.9,интегрированный браслет; L2L н/п,BVS100 automatic,5k_10k,macro_trend,набл.,active,bulgari.md
Bulgari,24,Serpenti Tubogas 35,35,≈8,спиральный браслет; L2L н/п,quartz,5k_10k,evergreen,набл.,active,bulgari.md
Bulgari,24,Octo Finissimo S Steel,40,6.4,≈46.5,BVL 138,10k_15k,macro_trend,набл.,active,bulgari.md
Bulgari,24,Octo Finissimo Automatic Titanium,40,6.4,≈46.5,BVL 138,15k_plus,macro_trend,набл.,active,bulgari.md
Bulgari,24,Octo Finissimo Chronograph GMT,42,6.9,≈49,BVL 318,15k_plus,insider_hype,набл.,active,bulgari.md
Bulgari,24,Octo Finissimo Tourbillon,40,3.95,≈46.5,BVL 268,15k_plus,insider_hype,смеш.,active,bulgari.md
Longines,25,HydroConquest 41 Automatic,41,12.9,≈51.1,L888,1k_2k,evergreen,набл.,active,longines.md
Longines,25,DolceVita 27.7×43.8,27.7×43.8,10.1,43.8,L592 quartz,1k_2k,evergreen,набл.,active,longines.md
Longines,25,Master Collection 40,40,9.35,≈47.5,L888,2k_5k,evergreen,набл.,active,longines.md
Longines,25,Master Collection Chronograph,40,14.2,≈47.5,L889,2k_5k,evergreen,набл.,active,longines.md
Longines,25,HydroConquest GMT 41,41,12.9,≈49,L844,2k_5k,macro_trend,набл.,active,longines.md
Longines,25,Spirit 40,40,12.2,≈49.6,L888.4,2k_5k,evergreen,набл.,active,longines.md
Longines,25,Spirit Zulu Time 39,39,13.5,≈46.8,L844.4,2k_5k,macro_trend,набл.,active,longines.md
Longines,25,Legend Diver 39,39,12.7,47,L888.6,2k_5k,insider_hype,набл.,active,longines.md
Longines,25,Conquest 38,38,10.9,≈46.8,L888,2k_5k,macro_trend,набл.,active,longines.md
Longines,25,Ultra-Chron Carbon,43,14.0,≈50.8,L836.6,2k_5k,contrarian,набл.,active,longines.md
Nomos Glashütte,26,Club Campus 36,36,8.2,47.5,Alpha,1k_2k,macro_trend,набл.,active,nomos-glashutte.md
Nomos Glashütte,26,Tangente 35,35,6.2,45,Alpha,2k_5k,evergreen,набл.,active,nomos-glashutte.md
Nomos Glashütte,26,Tangente neomatik 39,38.5,7.2,47.3,DUW 3001,2k_5k,evergreen,набл.,active,nomos-glashutte.md
Nomos Glashütte,26,Tangente neomatik 41 Update,40.5,7.8,49.3,DUW 6101,2k_5k,insider_hype,набл.,active,nomos-glashutte.md
Nomos Glashütte,26,Club Sport neomatik 37,37,8.3,47.7,DUW 3001,2k_5k,macro_trend,набл.,active,nomos-glashutte.md
Nomos Glashütte,26,Metro 38 date,37.5,7.7,47.7,DUW 4101,2k_5k,contrarian,набл.,active,nomos-glashutte.md
Nomos Glashütte,26,Metro neomatik 41 Update,40.5,9.1,47.5,DUW 6101,2k_5k,insider_hype,набл.,active,nomos-glashutte.md
Nomos Glashütte,26,Orion 38,38,8.9,48,Alpha,2k_5k,evergreen,набл.,active,nomos-glashutte.md
Nomos Glashütte,26,Ludwig neomatik 39,38.5,7,48.5,DUW 3001,2k_5k,contrarian,набл.,active,nomos-glashutte.md
Nomos Glashütte,26,Autobahn neomatik 41 date,41,10.5,≈49.8,DUW 6101,5k_10k,contrarian,набл.,active,nomos-glashutte.md
Sinn,27,556 I,38.5,11,45.5,SW200-1,1k_2k,evergreen,набл.,active,sinn.md
Sinn,27,556 A,38.5,11,45.5,SW200-1,1k_2k,evergreen,набл.,active,sinn.md
Sinn,27,104 St Sa I,41,11.5,47.5,SW220-1,1k_2k,evergreen,набл.,active,sinn.md
Sinn,27,356 Pilot,38.5,15.5,45.6,SW500,2k_5k,evergreen,набл.,active,sinn.md
Sinn,27,U1,44,14.7,50.5,SW200-1,2k_5k,evergreen,набл.,active,sinn.md
Sinn,27,U50,41,11.15,47,SW300-1,2k_5k,macro_trend,набл.,active,sinn.md
Sinn,27,EZM 3,41,12.3,47,SW200-1,2k_5k,contrarian,набл.,active,sinn.md
Sinn,27,EZM 13.1,41,15,47,SZ02 (SW500),2k_5k,contrarian,набл.,active,sinn.md
Sinn,27,UX SDR GSG 9,44,13.3,50.5,ETA 955.652 quartz,2k_5k,contrarian,набл.,active,sinn.md
Sinn,27,900 Diapal,44,15.5,≈52,SZ01 (SW500),2k_5k,contrarian,набл.,active,sinn.md
Casio/G-Shock,28,Casio F-91W,33.2×38.2,8.5,38.2,Module 593,under_300,evergreen,набл.,active,casio-g-shock.md
Casio/G-Shock,28,Casio A168,36.3×38.6,9.6,38.6,Module 3298,under_300,evergreen,набл.,active,casio-g-shock.md
Casio/G-Shock,28,Duro Marlin,44.2,12.1,49.7,Miyota 2115,under_300,evergreen,набл.,active,casio-g-shock.md
Casio/G-Shock,28,G-SHOCK Square,42.8×48.9,13.4,48.9,Module 3525,under_300,evergreen,набл.,active,casio-g-shock.md
Casio/G-Shock,28,G-SHOCK CasiOak,45.4×48.5,11.8,48.5,Module 5611,under_300,macro_trend,набл.,active,casio-g-shock.md
Casio/G-Shock,28,Edifice Sospensione,47.8×51,10.8,51,Module 5698 Tough Solar,under_300,macro_trend,набл.,active,casio-g-shock.md
Casio/G-Shock,28,G-SHOCK Mudmaster,52.1×58.7,16.2,58.7,Module 5713 Tough Solar,500_1k,contrarian,набл.,active,casio-g-shock.md
Casio/G-Shock,28,G-SHOCK Frogman,53.3×59.2,18,59.2,Module 3445 Tough Solar,1k_2k,contrarian,набл.,active,casio-g-shock.md
Casio/G-Shock,28,Oceanus Manta,42.8,9.5,47.5,Module 5701 Tough Solar,1k_2k,insider_hype,набл.,active,casio-g-shock.md
Casio/G-Shock,28,G-SHOCK MR-G,49.8×54.7,16.9,54.7,Module 5625 Tough Solar,5k_10k,insider_hype,набл.,active,casio-g-shock.md
Seiko,29,Seiko 5 Sports,42.5,13.4,46,4R36,300_500,evergreen,набл.,active,seiko.md
Seiko,29,5 Sports Field GMT,39.4,13.6,47.9,4R34,300_500,macro_trend,набл.,active,seiko.md
Seiko,29,Prospex Solar Diver,38.5,10.6,46.5,V147 solar,300_500,evergreen,набл.,active,seiko.md
Seiko,29,Presage Cocktail Time,40.5,11.8,47.5,4R35,300_500,evergreen,набл.,active,seiko.md
Seiko,29,Prospex Turtle,45,13.4,47.7,4R36,500_1k,evergreen,набл.,active,seiko.md
Seiko,29,Prospex Samurai,41.7,12.3,49.5,4R35,500_1k,macro_trend,набл.,active,seiko.md
Seiko,29,Prospex Alpinist,39.5,13.2,46.4,6R35,500_1k,evergreen,набл.,active,seiko.md
Seiko,29,Prospex 1965 Diver,40.5,13.2,47.6,6R35,1k_2k,evergreen,набл.,active,seiko.md
Seiko,29,King Seiko KSK,37,12.1,43.6,6R31,1k_2k,contrarian,набл.,active,seiko.md
Seiko,29,Astron GPS Solar,41.2,12,48.6,3X62 GPS Solar,2k_5k,contrarian,набл.,active,seiko.md
Citizen,30,Eco-Drive Chandler,37.2,9.5,43,E100 solar,under_300,evergreen,набл.,active,citizen.md
Citizen,30,Promaster Diver,44,12,≈48,E168 Eco-Drive,300_500,evergreen,набл.,active,citizen.md
Citizen,30,Tsuyosa 40,40,11.7,≈45 (интегр.),8210,300_500,macro_trend,набл.,active,citizen.md
Citizen,30,Zenshin Mechanical,40.5,11,≈47,8213,500_1k,macro_trend,набл.,active,citizen.md
Citizen,30,Series 8 831,40,10,≈47,9051,1k_2k,insider_hype,набл.,active,citizen.md
Citizen,30,Series 8 GMT 880,41,13.5,≈47.8,9054,1k_2k,insider_hype,набл.,active,citizen.md
Citizen,30,Attesa Satellite Wave,44.6,15.4,≈50,F950 GPS Eco-Drive,2k_5k,contrarian,набл.,active,citizen.md
Citizen,30,The Citizen Chronomaster,40,12.2,48.3,A060 Eco-Drive,2k_5k,insider_hype,набл.,active,citizen.md
Citizen,30,Campanola Cosmosign,44,14.5,≈50,4398 quartz,2k_5k,contrarian,набл.,active,citizen.md
Citizen,30,The Citizen Caliber 0100,37.5,9.1,≈44,0100 Eco-Drive,5k_10k,contrarian,набл.,active,citizen.md
Hamilton,31,Khaki Field Mechanical 38,38,9.5,47,H-50,500_1k,evergreen,набл.,active,hamilton.md
Hamilton,31,Khaki Field Auto 38,38,11,47,H-10,500_1k,evergreen,набл.,active,hamilton.md
Hamilton,31,Khaki Field Murph 38,38,11.1,44.7,H-10,500_1k,macro_trend,набл.,active,hamilton.md
Hamilton,31,Khaki Aviation Pilot Pioneer,36×33,9.95,≈41,H-50,500_1k,contrarian,набл.,active,hamilton.md
Hamilton,31,Ventura Quartz,32.3×50.3,9.3,50.3,F05.115 quartz,500_1k,evergreen,набл.,active,hamilton.md
Hamilton,31,Khaki Navy Scuba Auto 43,43,12.6,≈52,H-10,1k_2k,evergreen,набл.,active,hamilton.md
Hamilton,31,Khaki Navy Frogman 46,46,13.6,≈51.3,H-10,1k_2k,contrarian,набл.,active,hamilton.md
Hamilton,31,Jazzmaster Open Heart 40,40,11.05,≈50,H-10,1k_2k,macro_trend,набл.,active,hamilton.md
Hamilton,31,Pan Europ Auto 42,42,11.55,≈49,H-30,1k_2k,contrarian,набл.,active,hamilton.md
Hamilton,31,Intra-Matic Auto Chrono 40,40,14.45,49.2,H-31,2k_5k,evergreen,набл.,active,hamilton.md
Tissot,32,PRX Quartz 35,35,9.6,"≈39 (корпус), ≈44 с первым звеном",ETA F05.115,300_500,macro_trend,набл.,active,tissot.md
Tissot,32,PRX Powermatic 80 35,35,10.9,≈39/44 с первым звеном,Powermatic 80.111,500_1k,macro_trend,набл.,active,tissot.md
Tissot,32,PRX Powermatic 80 40,40,10.9,≈44/51 с первым звеном,Powermatic 80.111,500_1k,macro_trend,набл.,active,tissot.md
Tissot,32,Gentleman Powermatic 80,40,11.5,48,Powermatic 80 Silicium,500_1k,evergreen,набл.,active,tissot.md
Tissot,32,Seastar 1000 40,40,12.5,46,Powermatic 80,500_1k,evergreen,набл.,active,tissot.md
Tissot,32,Le Locle Powermatic 80,39.3,9.75,48.25,Powermatic 80.111,500_1k,evergreen,набл.,active,tissot.md
Tissot,32,Heritage Visodate,42,11.6,≈51,ETA 2836-2,500_1k,contrarian,набл.,active,tissot.md
Tissot,32,Seastar 2000 Professional,46,16.25,51.6,Powermatic 80,1k_2k,contrarian,набл.,active,tissot.md
Tissot,32,T-Touch Connect Solar,47.5,15.3,≈55,solar connected quartz,1k_2k,contrarian,набл.,active,tissot.md
Tissot,32,PRX Automatic Chronograph,42,14.5,≈46/53 с первым звеном,A05.H31,2k_5k,macro_trend,набл.,active,tissot.md
Oris,33,Aquis Date Calibre 400 43.5,43.5,13; также 13.5–13.7,≈49; также ≈50,"Oris Calibre 400, автоматический, дата",2k_5k,evergreen,набл.,active,oris.md
Oris,33,Aquis Date Upcycle 41.5,41.5,12.9,≈49,Oris 733-1; в публикациях Oris 733,2k_5k,macro_trend,набл.,active,oris.md
Oris,33,Divers Sixty-Five 40,40,12.8,≈48,"Oris 733, база Sellita SW200-1",2k_5k,evergreen,набл.,active,oris.md
Oris,33,Divers Date 39,39,12.1; в одном источнике 12.8,≈46.5,"Oris Calibre 733, база Sellita SW200-1",2k_5k,macro_trend,набл.,active,oris.md
Oris,33,Big Crown Pointer Date Calibre 403 40,40,12.3,≈47.5,Oris Calibre 403,2k_5k,macro_trend,набл.,active,oris.md
Oris,33,Big Crown Pointer Date 40,40,12 для 754; 12.3 для 403,≈47.5,"Oris 754, Sellita-based; Oris 403",2k_5k,evergreen,набл.,active,oris.md
Oris,33,ProPilot X Calibre 400 39,39,11.8,≈47,"Oris Calibre 400, автоматический",2k_5k,macro_trend,набл.,active,oris.md
Oris,33,Hölstein Edition 2026,39.5,11.1,≈45.5,Oris Calibre 401,2k_5k,insider_hype,набл.,active,oris.md
Oris,33,ProPilot Altimeter 47,47,16,≈47 ([обзор](https://www.ablogtowatch.com/hands-on-the-oris-big-crown-propilot-altimeter-watch-climbs-higher/)),Oris 793-1,5k_10k,insider_hype,набл.,active,oris.md
Oris,33,Big Crown ProPilot Calibre 111 44,44,"≈13,85 ([обзор](https://www.thedivewatchconnection.com/forum/viewtopic.php?t=62465))",≈52 (https://wristbuzz.com/watch-dimensions/oris/),"Oris Calibre 111, ручной завод",5k_10k,insider_hype,оц.класс,active,oris.md
Rado,34,DiaStar Original Automatic,38,"12,1",≈45 ([обзор](https://monochrome-watches.com/rado-diastar-original-and-diastar-original-60-year-anniversary-hands-on-price/)),R764,1k_2k,evergreen,набл.,active,rado.md
Rado,34,Integral Automatic,данные отсутствуют,≈10–11 (https://www.ashford.com/products/rado-r20693102-sd),≈32 (https://www.watchmaxx.com/rado-watch-r20693102),данные отсутствуют,1k_2k,speculative_bubble,оц.класс,active,rado.md
Rado,34,Captain Cook Automatic 42,42,"12,3",≈49 ([обзор](https://www.ablogtowatch.com/rado-captain-cook-automatic-42mm-watch-review/)),R763,2k_5k,evergreen,набл.,active,rado.md
Rado,34,Captain Cook Automatic 37,37,"11,1",≈43,R763; ETA C07.611 также указан для версии 37 мм,2k_5k,evergreen,набл.,active,rado.md
Rado,34,Captain Cook High-Tech Ceramic 43,43,"14,6","≈49,8 ([обзор](https://thecalibratedwrist.com/2023/09/03/off-the-cuff-rado-captain-cook-high-tech-ceramic-diver/))",R734; 03.734.731,2k_5k,macro_trend,набл.,active,rado.md
Rado,34,True Square Open Heart,"38 ширина; 44,2 длина корпуса","9,7","≈44,2 ([обзор](https://thecalibratedwrist.com/2025/11/20/hands-on-with-the-rado-true-square-open-heart-x-ji-chang-wook/))",R734,2k_5k,macro_trend,набл.,active,rado.md
Rado,34,Centrix Automatic Open Heart,"39,5","11,3","42,5 (https://www.gnomonwatches.com/products/centrix-automatic-open-heart-black-ref-r30012152)",R734,2k_5k,evergreen,набл.,active,rado.md
Rado,34,HyperChrome Automatic Chronograph,44–45,"13,0–15,1","≈50,10 ([обзор](https://thewatchobserver.ouest-france.fr/essais-montres/hyperchrome-xxl-automatic-chronograph-5183/))",R603; R650; ETA 2894-2,2k_5k,contrarian,оц.класс,active,rado.md
Rado,34,Ceramica Automatic,"30 ширина × 41,7 длина корпуса","12,3","≈41,7 ([обзор](https://www.ablogtowatch.com/rado-ceramica-automatic-watch/))",ETA 2671,2k_5k,contrarian,оц.класс,active,rado.md
Rado,34,Anatom Automatic,"32,5 ширина; 46,3 длина корпуса","11,3","≈46,3 ([обзор](https://timeandtidewatches.com/rado-anatom-automatic-hands-on/))",R766,5k_10k,macro_trend,набл.,active,rado.md
Bell & Ross,35,BR 03 Black Steel 41,41 × 41,"9,65",≈41 ([обзор](https://www.exquisitetimepieces.com/bell-ross-br03a-bl-st-srb-br-03-black-steel.html)),BR-CAL.302-1 / BR-CAL.302,2k_5k,evergreen,набл.,active,bell-ross.md
Bell & Ross,35,BR 03 Diver 42,42 × 42,"12–12,3",≈53 ([обзор](https://www.ablogtowatch.com/watch-review-bell-ross-br-03-diver-matte-black-ceramic-watch/)),"BR-CAL.302-1, база Sellita SW300-1",2k_5k,evergreen,набл.,active,bell-ross.md
Bell & Ross,35,BR 05 GMT 41,41,"11,07","≈41,0 ([обзор](https://wristbuzz.com/watch-dimensions/bell-ross/))",BR-CAL.325 / BR-CAL.325-1,2k_5k,macro_trend,набл.,active,bell-ross.md
Bell & Ross,35,BR V2-92 Steel Heritage 41,41,12,"47,7 (https://www.watchgecko.com/blogs/magazine/bell-and-ross-br-v2-92-aeronavale-review)",BR-CAL.302,2k_5k,contrarian,набл.,active,bell-ross.md
Bell & Ross,35,BR V2-93 GMT 41,41,"12,4","≈47,7 ([обзор](https://watch.the1916company.com/videos/bell-ross-br-v2-93-gmt-brv293-bl-st-sst-review))",BR-CAL.303,2k_5k,contrarian,набл.,active,bell-ross.md
Bell & Ross,35,BR 01-92 46,46 × 46,"10,5–11,5",55 для Red Limited Edition,ETA 2892,2k_5k,contrarian,набл.,active,bell-ross.md
Bell & Ross,35,BR 03 Chrono 42,42,"≈15,0 ([обзор](https://wristbuzz.com/watch-dimensions/bell-ross/))","≈42,0 ([обзор](https://wristbuzz.com/watch-dimensions/bell-ross/))",BR-CAL.301,5k_10k,macro_trend,набл.,active,bell-ross.md
Bell & Ross,35,BR 05 Black Steel 40,40,"≈10,4 ([обзор](https://wristbuzz.com/watch-dimensions/bell-ross/))","≈40,0 ([обзор](https://wristbuzz.com/watch-dimensions/bell-ross/))",BR-CAL.321,5k_10k,macro_trend,набл.,active,bell-ross.md
Bell & Ross,35,BR-X5 41,41,"12,80","≈49,3 ([обзор](https://www.youtube.com/watch?v=v4Eq65gEwe8))",BR-CAL.323,5k_10k,macro_trend,набл.,active,bell-ross.md
Bell & Ross,35,BR-X1 Skeleton Chronograph 45,45 × 45,"14,5 (https://deployant.com/bell-ross-titanium-skeleton-chronograph/)",≈45 ([обзор](https://watchesbysjx.com/2018/11/review-bell-ross-br-x1-military.html)),BR-CAL.313,15k_plus,insider_hype,набл.,active,bell-ross.md
H. Moser & Cie.,36,Pioneer Centre Seconds 42.8,"42,8","10,6 без стекла; 15,0 по другому источнику",≈48 ([обзор](https://precisionwatches.com/journal/h-moser-pioneer-centre-seconds-cosmic-green-review/)),HMC 200,10k_15k,macro_trend,набл.,active,h-moser.md
H. Moser & Cie.,36,Heritage Centre Seconds 42,"42,0","11,1",≈46 ([обзор](https://watch.the1916company.com/videos/h-moser-heritage-centre-seconds-8200-1201)),HMC 200,10k_15k,evergreen,набл.,active,h-moser.md
H. Moser & Cie.,36,Streamliner Centre Seconds 40,"40,0","12,1; 11,8 у версии 2020",≈40 ([обзор](https://www.youtube.com/watch?v=xk50j98tcus)),HMC 201; HMC 200,15k_plus,evergreen,набл.,active,h-moser.md
H. Moser & Cie.,36,Streamliner Flyback Chronograph 42.3,"42,3","13,35 у Funky Blue; 14,2 у Frozen",≈45 у близкой версии Streamliner Flyback,HMC 907; HMC 902 у версии Funky Blue из обзора,15k_plus,macro_trend,набл.,active,h-moser.md
H. Moser & Cie.,36,Streamliner Perpetual Calendar 42.3,"42,3",11 без кристалла,"≈48,1 ([обзор](https://watch.the1916company.com/videos/h-moser-cie-streamliner-perpetual-calendar))",HMC 812,15k_plus,evergreen,набл.,active,h-moser.md
H. Moser & Cie.,36,Endeavour Centre Seconds Concept 40,"40,0","11,2",47,HMC 200,15k_plus,contrarian,набл.,active,h-moser.md
H. Moser & Cie.,36,Endeavour Perpetual Calendar 42,"42,0","11,9 Purity; 13,1 Concept Tantalum","≈48,4 ([обзор](https://www.youtube.com/watch?v=yq4D2jO-tdY))",HMC 800,15k_plus,insider_hype,набл.,active,h-moser.md
H. Moser & Cie.,36,Endeavour Tourbillon Concept 40,"40,0","10,7","≈47,4 ([обзор](https://www.youtube.com/watch?v=lshElvLJkJw&vl=en))",HMC 804,15k_plus,insider_hype,набл.,active,h-moser.md
H. Moser & Cie.,36,Pioneer Cylindrical Tourbillon 42.8,"42,8","11,7 без стекла; 15,3 со стеклом","51,1 (https://watch.the1916company.com/videos/h-moser-cie-pioneer-cylindrical-tourbillon-skeleton-3811-1200-h-moser-cie-watch-review)",HMC 811,15k_plus,insider_hype,набл.,active,h-moser.md
H. Moser & Cie.,36,Swiss Alp Watch Final Upgrade,44.0 × 38.2,10.5,"≈44,0 ([обзор](https://timeandtidewatches.com/hands-on-if-you-hate-smart-watches-youll-love-the-moser-swiss-alp-watch-final-upgrade/))","HMC 324, ручной завод",15k_plus,contrarian,набл.,active,h-moser.md
F.P. Journe,37,Chronometre Bleu 39,"39, tantalum","8,3",≈46 ([обзор](https://watchmaestro.com/blog/f-p-journe-chronometer-bleu-review/)),"1304, ручной завод, 18K rose gold",15k_plus,insider_hype,набл.,active,fp-journe.md
F.P. Journe,37,Chronometre a Resonance 40,"40, также 42; platinum или rose gold",11,"≈48,5 ([обзор](https://www.youtube.com/watch?v=vtGds50hXT8&vl=en))",1520,15k_plus,evergreen,набл.,active,fp-journe.md
F.P. Journe,37,Tourbillon Souverain 40,"40, platinum или gold","9,9","≈48,2 ([обзор](https://watch.the1916company.com/videos/f-p-journe-tourbillon-souverain-review))","1403, ручной завод",15k_plus,insider_hype,набл.,active,fp-journe.md
F.P. Journe,37,Octa Automatique 40,40,"10,6",≈48 ([обзор](https://watch.the1916company.com/videos/f-p-journe-octa-automatique-lune-al-pt-40-mop-b-watch-review)),1300.3,15k_plus,evergreen,набл.,active,fp-journe.md
F.P. Journe,37,Octa Lune 40,40; также встречается 38,"10,6",≈48 ([обзор](https://watch.the1916company.com/videos/f-p-journe-octa-lune)),1300.3,15k_plus,evergreen,смеш.,active,fp-journe.md
F.P. Journe,37,Octa Perpetuelle 40,40,"10,6","≈47,7 ([обзор](https://quillandpad.com/2024/05/21/f-p-journe-octa-perpetuelle-reviewed-by-tim-mosso/))","1300.3, автоматический, 40 камней",15k_plus,insider_hype,смеш.,active,fp-journe.md
F.P. Journe,37,Centigraphe Souverain 40,40,"10,1",48,"1506, ручной завод",15k_plus,contrarian,набл.,active,fp-journe.md
F.P. Journe,37,Chronometre Optimum 40,40,"10,10",≈48 ([обзор](https://www.fratellowatches.com/f-p-journe-chronometre-optimum-watch-review/)),"1510, ручной завод, мосты и платина из 18K rose gold",15k_plus,evergreen,набл.,active,fp-journe.md
F.P. Journe,37,LineSport Chronographe Rattrapante 44,"44, titanium / 18K 6N gold / platinum","12,1","≈51,7 ([обзор](https://www.youtube.com/watch?v=spDg-s1qs_4&vl=en))",1518,15k_plus,insider_hype,набл.,active,fp-journe.md
F.P. Journe,37,Elegante 48 40,"48 × 40, Titalyt","7,95",48,1210,15k_plus,contrarian,набл.,active,fp-journe.md
Richard Mille,38,RM 011 Felipe Massa,"50 × 40; 44,5 × 50; 50 × 42,7, варианты","16,15; 13,95 для Red Demon","49,8–50,0 (https://www.youtube.com/watch?v=aHpm5Yn_tNo&vl=en)",RMAC1; RMAR1 для Red Demon,15k_plus,macro_trend,смеш.,active,richard-mille.md
Richard Mille,38,RM 035 Rafael Nadal,"39,7 × 48","12,25",≈48 ([обзор](https://www.chrono24.com/richardmille/rm-035--mod1447.htm)),RMUL1,15k_plus,insider_hype,оц.класс,active,richard-mille.md
Richard Mille,38,RM 27-05 Rafael Nadal,"37,25 × 47,25","7,20","≈47,25 ([обзор](https://www.spechtandsohne.com/richard-mille-s-rm-27-05-flying-tourbillon-rafael-nadal-a-masterpiece-of-lightweight-engineering/))",RM27-05,15k_plus,insider_hype,набл.,active,richard-mille.md
Richard Mille,38,RM 055 Bubba Watson,"49,9 × 42,7","13,05","≈49,8 ([обзор](https://www.youtube.com/watch?v=AJiOttrpdw4))",RMUL2,15k_plus,insider_hype,набл.,active,richard-mille.md
Richard Mille,38,RM 72-01,"38,40 × 47,34","11,68","≈47,34 ([обзор](https://www.hodinkee.com/articles/richard-mille-rm-72-01-le-mans-classic))",CRMC1,15k_plus,macro_trend,набл.,active,richard-mille.md
Richard Mille,38,RM 07-01,"45,66 × 31,40; 31,40 × 45,23 для Coloured Ceramics","11,85","≈45,23 ([обзор](https://www.ablogtowatch.com/new-release-richard-mille-rm-07-01-coloured-ceramics-watches/))",CRMA2,15k_plus,macro_trend,набл.,active,richard-mille.md
Richard Mille,38,RM 67-01,"38,70 × 47,52","7,75","≈47,5",CRMA6,15k_plus,evergreen,набл.,active,richard-mille.md
Richard Mille,38,RM 30-01,"42,00 × 49,94","17,59","49,94 (https://www.richardmille.com/collections/rm-30-01-declutchable-rotor)",RMAR2,15k_plus,macro_trend,набл.,active,richard-mille.md
Richard Mille,38,RM 65-01,"44,50 × 49,94","16,10","≈49,94 ([обзор](https://www.hodinkee.com/articles/intro-richard-mille-rm-65-01-automatic-split-seconds-chronograph-in-sunny-yellow-and-sky-blue))",RMAC4,15k_plus,macro_trend,набл.,active,richard-mille.md
Richard Mille,38,RM UP-01 Ferrari,"51,00 × 39,00","1,75",≈39 ([обзор](https://monochrome-watches.com/richard-milles-rm-up-01-ferrari-new-worlds-thinnest-mechanical-watch-introducing-specs-price/)),RMUP-01,15k_plus,insider_hype,набл.,active,richard-mille.md
Parmigiani Fleurier,39,Tonda PF Micro-Rotor 40,"40,0","7,8","≈45,6",PF703,15k_plus,evergreen,набл.,active,parmigiani-fleurier.md
Parmigiani Fleurier,39,Tonda PF GMT Rattrapante 40,"40,0","10,7","≈45,6",PF051,15k_plus,macro_trend,оц.класс,active,parmigiani-fleurier.md
Parmigiani Fleurier,39,Tonda PF Minute Rattrapante 40,"40,0","10,7","≈45,6",PF052,15k_plus,insider_hype,оц.класс,active,parmigiani-fleurier.md
Parmigiani Fleurier,39,Tonda PF Skeleton 40,"40,0","8,5","≈44,4, платиновая версия",PF777,15k_plus,insider_hype,набл.,active,parmigiani-fleurier.md
Parmigiani Fleurier,39,Tonda PF Sport Automatic 41,"41,0","9,8",≈47,PF770,15k_plus,macro_trend,оц.класс,active,parmigiani-fleurier.md
Parmigiani Fleurier,39,Tonda PF Sport Chronograph 42,"42,0","12,9",≈48,PF070-COSC,15k_plus,macro_trend,оц.класс,active,parmigiani-fleurier.md
Parmigiani Fleurier,39,Toric Petite Seconde 40.6,"40,6","8,8","≈46,5",PF780,15k_plus,evergreen,оц.класс,active,parmigiani-fleurier.md
Parmigiani Fleurier,39,Toric Chronograph Rattrapante 42.5,"42,5","14,4","≈48,5",PF361-SLIM,15k_plus,insider_hype,оц.класс,active,parmigiani-fleurier.md
Parmigiani Fleurier,39,Kalpa Hebdomadaire,"42,3 × 32,1","11,4; в другом источнике 11,7","≈49,3 ([обзор](https://www.beyondthedial.com/post/hands-on-review-parmigiani-fleurier-kalpa-hebdomadaire/))",PF110,15k_plus,contrarian,набл.,active,parmigiani-fleurier.md
Parmigiani Fleurier,39,Bugatti Type 370,"52,5 × 32,4","18,6; Révélation 19,6",≈48 ([обзор](https://watchesbysjx.com/2015/08/hands-on-with-the-parmigiani-bugatti-type-370-revelation-the-final-edition-of-the-original-sculptural-movement-with-original-photos-price.html)),PF370; PF370.01,15k_plus,insider_hype,набл.,active,parmigiani-fleurier.md
MB&F,40,HM3 Frog / 47 × 50,47 × 50,18,≈50,Girard-Perregaux base,15k_plus,contrarian,набл.,active,mb-and-f.md
MB&F,40,HM4 Thunderbolt / 52 × 54,52 × 54,24,"≈54, длина корпуса ([источник](https://www.watchprosite.com/independents/presenting-the-mb-f-horological-machine-no-4-thunderbolt-/16.631306.3955461/))",данные отсутствуют,15k_plus,evergreen,набл.,active,mb-and-f.md
MB&F,40,HM5 On The Road Again / 51.5 × 49,51.5 × 49,22.5,"≈51,5 ([обзор](https://www.watchprosite.com/digest/mbf-hm5-on-the-road-again-review/))","GP/Sowind gear train, Chronode",15k_plus,contrarian,набл.,active,mb-and-f.md
MB&F,40,HM7 Aquapod / 53.8 × 21.3,53.8 × 21.3; Platinum Red 58.8 × 21.3,21.3,"≈53,8, диаметр корпуса ([источник](https://www.mbandf.com/machines/mbf-machines/horological-machines/hm7))",внутренний калибр MB&F,15k_plus,evergreen,набл.,active,mb-and-f.md
MB&F,40,HM8 Mark 2 / 47 × 41.5,47 × 41.5,19,≈47 ([обзор](https://www.mbandf.com/machines/mbf-machines/horological-machines/hm8-mark-2)),MB&F HM8; GP03300 base,15k_plus,evergreen,набл.,active,mb-and-f.md
MB&F,40,HM11 Architect / 42 × 23,42 × 23,23,≈42 (https://www.mbandf.com/machines/mbf-machines/horological-machines/hm11),трёхмерный механизм MB&F,15k_plus,insider_hype,оц.класс,active,mb-and-f.md
MB&F,40,LM101 / 40 × 16,40,16; EVO 16.5,49,LM101,15k_plus,macro_trend,набл.,active,mb-and-f.md
MB&F,40,LM Perpetual / 44 × 17.5,44,17.5,"50,2 (https://watch.the1916company.com/videos/mb-f-lm-perpetual-03-wl-b)",интегрированный механизм; Стивен Макдоннелл,15k_plus,evergreen,набл.,active,mb-and-f.md
MB&F,40,LM Split Escapement / 44 × 17.5,44,17.5,"≈50,2",LM Split Escapement,15k_plus,insider_hype,оц.класс,active,mb-and-f.md
MB&F,40,LMX / 44 × 21.4,44,21.4,≈51 ([обзор](https://vivir.com/article/mb-f-lmx)),"трёхмерный механизм MB&F, ручной завод, три барабана",15k_plus,insider_hype,набл.,active,mb-and-f.md
Laurent Ferrier,41,[Galet Micro-Rotor](https://laurentferrier.ch/pages/our-story),40.0,10.7,≈47.5,FBN 229.01; 72; 21 600 пк/ч / 3 Гц,15k_plus,evergreen,смеш.,active,laurent-ferrier.md
Laurent Ferrier,41,[Classic Origin](https://laurentferrier.ch/pages/our-story),40.0,10.7,≈47.5,LF116.01; 80; 21 600 / 3 Гц,15k_plus,evergreen,смеш.,active,laurent-ferrier.md
Laurent Ferrier,41,[Sport Auto](https://laurentferrier.ch/pages/our-story),41.5,12.7,≈47.6,LF270.01; 72; 28 800 / 4 Гц,15k_plus,insider_hype,смеш.,active,laurent-ferrier.md
Laurent Ferrier,41,[Galet Micro-Rotor Régulateur École](https://laurentferrier.ch/pages/our-story),40.0,≈10.95,≈47.5,FBN 228.01; 72; 21 600 / 3 Гц,15k_plus,contrarian,смеш.,active,laurent-ferrier.md
Laurent Ferrier,41,[Grand Sport Tourbillon](https://laurentferrier.ch/pages/our-story),44.0,≈14.4,≈52.5,LF619.01; 80; 21 600 / 3 Гц,15k_plus,insider_hype,смеш.,active,laurent-ferrier.md
Kari Voutilainen,42,[Vingt-8](https://www.voutilainen.ch/item/28ti/),39.0,≈10.8,≈46.0,Calibre 28; 65; 18 000 / 2.5 Гц,15k_plus,evergreen,смеш.,waitlist,kari-voutilainen.md
Kari Voutilainen,42,[Observatoire](https://www.voutilainen.ch/item/28ti/),≈38.0,≈10.5,≈45.0,"Peseux 260, глубоко переработан; ≈44; 18 000 / 2.5 Гц",15k_plus,insider_hype,оц.класс,waitlist,kari-voutilainen.md
Kari Voutilainen,42,[28ti](https://www.voutilainen.ch/item/28ti/),39.0,13.4,≈46.0,Calibre 28 inverted; 65; 18 000 / 2.5 Гц,15k_plus,insider_hype,смеш.,waitlist,kari-voutilainen.md
Kari Voutilainen,42,[GMR](https://www.voutilainen.ch/item/28ti/),39.0,≈12.2,≈46.0,GMR/Calibre 28 family; 65; 18 000 / 2.5 Гц,15k_plus,insider_hype,смеш.,waitlist,kari-voutilainen.md
Kari Voutilainen,42,[Ji-Ku](https://www.voutilainen.ch/item/28ti/),≈39.0,≈11.5,≈46.0,Calibre 28; 65; 18 000 / 2.5 Гц,15k_plus,contrarian,оц.класс,waitlist,kari-voutilainen.md
Urwerk,43,[UR-105](https://www.urwerk.com/story),53.0 × 39.5,17.3,53.0,UR 5.02; 48; 28 800 / 4 Гц,15k_plus,evergreen,смеш.,active,urwerk.md
Urwerk,43,[UR-100V](https://www.urwerk.com/story),49.7 × 41.0,14.0,49.7,UR 12.02; 48; 28 800 / 4 Гц,15k_plus,insider_hype,смеш.,active,urwerk.md
Urwerk,43,[UR-110](https://www.urwerk.com/story),51.0 × 47.0,16.0,51.0,UR 9.01; 39; 28 800 / 4 Гц,15k_plus,evergreen,смеш.,active,urwerk.md
Urwerk,43,[UR-220](https://www.urwerk.com/story),53.6 × 43.8,14.8,53.6,UR 7.20; 48; 28 800 / 4 Гц,15k_plus,insider_hype,смеш.,active,urwerk.md
Urwerk,43,[UR-230 Eagle](https://www.urwerk.com/story),53.55 × 44.81,18.38,53.55,UR 7.30; 48; 28 800 / 4 Гц,15k_plus,insider_hype,смеш.,active,urwerk.md
De Bethune,44,[DB28](https://www.debethune.ch/historical-catalog/),42.6,≈9.3 без стекла,≈45–53,DB2115; 144; 28 800 / 4 Гц,15k_plus,insider_hype,смеш.,active,de-bethune.md
De Bethune,44,[DB25](https://www.debethune.ch/historical-catalog/),40.0–44.0,≈8.8–12.0,≈47–51,DB2105 family; 144; 28 800 / 4 Гц,15k_plus,evergreen,смеш.,active,de-bethune.md
De Bethune,44,[DBS](https://www.debethune.ch/historical-catalog/),≈45.0 × 42.5,≈12.5,≈52,DB2016 family; 144; 28 800 / 4 Гц,15k_plus,contrarian,оц.класс,active,de-bethune.md
De Bethune,44,[DB Kind of Two](https://www.debethune.ch/historical-catalog/),43.3,11.4,≈47–53,DB2517; 120; 28 800 / 4 Гц,15k_plus,insider_hype,смеш.,active,de-bethune.md
De Bethune,44,[Starry Varius](https://www.debethune.ch/historical-catalog/),40.0,≈8.8,≈47,DB2005/DB2105 family; 144; 28 800 / 4 Гц,15k_plus,evergreen,смеш.,active,de-bethune.md
Czapek & Cie,45,[Antarctique](https://www.czapek.com/we-collect-rare-people),40.5,10.6,≈45.0,SXH5; 60; 28 800 / 4 Гц,15k_plus,macro_trend,смеш.,active,czapek.md
Czapek & Cie,45,[Quai des Bergues](https://www.czapek.com/we-collect-rare-people),42.5,≈11.9,≈48.7,SXH1/Chronode; 168; 21 600 / 3 Гц,15k_plus,evergreen,смеш.,active,czapek.md
Czapek & Cie,45,[Place Vendôme](https://www.czapek.com/we-collect-rare-people),43.5,≈13.5,≈50.0,SXH2/Chronode; 60; 21 600 / 3 Гц,15k_plus,contrarian,смеш.,active,czapek.md
Czapek & Cie,45,[Promenade](https://www.czapek.com/we-collect-rare-people),38.0,≈10.8,≈43.5,SXH5; 60; 28 800 / 4 Гц,15k_plus,insider_hype,смеш.,active,czapek.md
Czapek & Cie,45,[Faubourg de Cracovie](https://www.czapek.com/we-collect-rare-people),41.5,≈11.5,≈48.0,SXH3/Vaucher; 65; 36 000 / 5 Гц,15k_plus,contrarian,смеш.,active,czapek.md
Arnold & Son,46,[Perpetual Moon](https://www.arnoldandson.com/all-watches/),41.5,≈11.3,≈48.0,A&S1512; 90; 21 600 / 3 Гц,15k_plus,contrarian,смеш.,active,arnold-son.md
Arnold & Son,46,[DSTB](https://www.arnoldandson.com/all-watches/),42.0,≈12.95,≈49.0,A&S6003; 50; 28 800 / 4 Гц,15k_plus,contrarian,смеш.,active,arnold-son.md
Arnold & Son,46,[UTTE](https://www.arnoldandson.com/all-watches/),42.0,8.34,≈49.0,A&S8200; 90; 21 600 / 3 Гц,15k_plus,contrarian,смеш.,active,arnold-son.md
Arnold & Son,46,[Longitude Titanium](https://www.arnoldandson.com/all-watches/),42.5,≈12.25,≈49.0,A&S6302; 60; 28 800 / 4 Гц,15k_plus,macro_trend,смеш.,active,arnold-son.md
Arnold & Son,46,[Globetrotter](https://www.arnoldandson.com/all-watches/),45.0,≈17.2,≈50.5,A&S6022; 45; 28 800 / 4 Гц,15k_plus,contrarian,смеш.,active,arnold-son.md
Angelus,47,[Chronodato (historic)](https://angelus-watches.com/heritage/),≈38.0,≈13.0,≈46.0,Angelus 217 family; ≈45; 18 000 / 2.5 Гц,15k_plus,evergreen,оц.класс,active,angelus.md
Angelus,47,[U10 Tourbillon Lumière](https://angelus-watches.com/heritage/),62.75 × 38.0,≈15.0,62.75,A-100; 90; 28 800 / 4 Гц,15k_plus,contrarian,смеш.,active,angelus.md
Angelus,47,[U20 Ultra-Skeleton Tourbillon](https://angelus-watches.com/heritage/),42.0,≈10.3,≈49.0,A-250; 90; 28 800 / 4 Гц,15k_plus,contrarian,смеш.,active,angelus.md
Angelus,47,[U30 Tourbillon Rattrapante](https://angelus-watches.com/heritage/),47.0,≈15.0,≈54.0,A-150; 45; 28 800 / 4 Гц,15k_plus,contrarian,смеш.,active,angelus.md
Angelus,47,[Chronodate](https://angelus-watches.com/heritage/),42.5,≈14.25,≈49.0,A-500; 60; 28 800 / 4 Гц,15k_plus,contrarian,смеш.,active,angelus.md
Bovet 1822,48,[Amadeo Fleurier Virtuoso](https://www.bovet.com/timepiece/battista/),44.0,≈15.6,≈50.0,Dimier/Bovet Virtuoso; 120; 21 600 / 3 Гц,15k_plus,contrarian,смеш.,active,bovet.md
Bovet 1822,48,[Récital 22 Grand Récital](https://www.bovet.com/timepiece/battista/),46.3,≈19.6,≈53.0,17DM03-TEL; 216; 18 000 / 2.5 Гц,15k_plus,insider_hype,смеш.,active,bovet.md
Bovet 1822,48,[Récital 26 Brainstorm](https://www.bovet.com/timepiece/battista/),≈47.8,≈15.5,≈55.0,17DM06-DT; 120; 18 000 / 2.5 Гц,15k_plus,insider_hype,оц.класс,active,bovet.md
Bovet 1822,48,[Battista Tourbillon](https://www.bovet.com/timepiece/battista/),45.6,≈16.0,≈52.0,Bovet Battista calibre; 240; ≈18 000 / 2.5 Гц,15k_plus,insider_hype,смеш.,active,bovet.md
Bovet 1822,48,[Virtuoso V](https://www.bovet.com/timepiece/battista/),43.5,≈15.0,≈50.0,13BM12AI; 120; 21 600 / 3 Гц,15k_plus,contrarian,смеш.,active,bovet.md
Speake-Marin,49,One&Two Openworked,38/42,10.5,≈46/50,"SMA01, микроротор",15k_plus,insider_hype,смеш.,active,speake-marin.md
Speake-Marin,49,Ripples,40.3,9.2,≈47,"SMA03-T, микроротор",15k_plus,macro_trend,смеш.,active,speake-marin.md
Speake-Marin,49,Academic,38/42,10.5,≈46/50,"SMA03, микроротор",15k_plus,contrarian,смеш.,active,speake-marin.md
Speake-Marin,49,One&Two Openworked Dual Time,38/42,12.35,≈46/50,"SMA02, микроротор",15k_plus,insider_hype,смеш.,active,speake-marin.md
Speake-Marin,49,Légèreté,38/42,≈11,≈46/50,SMA01/SMA03 по версии,15k_plus,contrarian,смеш.,active,speake-marin.md
Chronoswiss,50,Regulator Classic,41,12.7,≈48,"C.295, автоматический",5k_10k,evergreen,смеш.,active,chronoswiss.md
Chronoswiss,50,Timemaster Chronograph,44,15.3,≈52,"C.741, база Valjoux 7750",5k_10k,contrarian,смеш.,active,chronoswiss.md
Chronoswiss,50,Open Gear ReSec,44,13.35,≈52,C.301/C.6005 по версии,10k_15k,contrarian,смеш.,active,chronoswiss.md
Chronoswiss,50,Delphis,42,14.5,≈49,"C.301, jumping hour/retrograde",15k_plus,insider_hype,смеш.,active,chronoswiss.md
Chronoswiss,50,Flying Regulator Open Gear,41,12.7,≈48,"C.299, автоматический",15k_plus,insider_hype,смеш.,active,chronoswiss.md
Doxa,51,SUB 300T,42.5,13.65,45,Sellita SW200-1,1k_2k,evergreen,смеш.,active,doxa.md
Doxa,51,SUB 200,42,13.8,46,Sellita SW200-1,1k_2k,macro_trend,смеш.,active,doxa.md
Doxa,51,SUB 600T,40,14.15,47.6,Sellita SW200-1,1k_2k,insider_hype,смеш.,active,doxa.md
Doxa,51,SUB 300,42.5,13.4,45,ETA 2824-2 COSC / Sellita по выпуску,2k_5k,evergreen,смеш.,active,doxa.md
Doxa,51,SUB 1500T,45,16,≈48,ETA 2892-A2,2k_5k,contrarian,смеш.,active,doxa.md
Squale,52,1521,42,12.5,48,Sellita SW200-1,1k_2k,evergreen,смеш.,active,squale.md
Squale,52,1545,40,12.5,47,Sellita SW200-1,1k_2k,evergreen,смеш.,active,squale.md
Squale,52,Super-Squale / Super-Matic,38–42,≈12–13,≈46–49,Sellita SW200-1/SW300-1,1k_2k,macro_trend,смеш.,active,squale.md
Squale,52,Sub-39,39,12,48.5,Sellita SW200-1; Soprod C125 GMT,1k_2k,macro_trend,смеш.,active,squale.md
Squale,52,2002,44,15.8,≈49,Sellita SW200-1,2k_5k,contrarian,смеш.,active,squale.md
Nivada Grenchen,53,Antarctic,35,10.1,41.9,Soprod P024 / Landeron по версии,1k_2k,macro_trend,смеш.,revived,nivada-grenchen.md
Nivada Grenchen,53,Antarctic Diver,38,12.9,45,Soprod P024,1k_2k,macro_trend,смеш.,revived,nivada-grenchen.md
Nivada Grenchen,53,Depthmaster,39,13,47,Soprod P024,1k_2k,contrarian,смеш.,revived,nivada-grenchen.md
Nivada Grenchen,53,Super Antarctic,38,11.1,45,Soprod P024,1k_2k,evergreen,смеш.,revived,nivada-grenchen.md
Nivada Grenchen,53,Chronomaster Aviator Sea Diver,38,13.75,46.5,"Sellita SW510 BH B, ручной/авто по версии",2k_5k,insider_hype,смеш.,revived,nivada-grenchen.md
Vulcain,54,Skindiver Nautique,38,12.2,44.6,ETA 2824-2 / Sellita SW200-1,1k_2k,macro_trend,смеш.,revived,vulcain.md
Vulcain,54,Cricket Presidents,39,12.7,47.6,"Vulcain Cricket V-10, ручной",5k_10k,evergreen,смеш.,revived,vulcain.md
Vulcain,54,Cricket Nautical,42,17.6,≈52,V-10/V-13 alarm,5k_10k,contrarian,смеш.,revived,vulcain.md
Vulcain,54,50s Presidents,42,12.4,≈50,V-11 automatic alarm,5k_10k,contrarian,смеш.,revived,vulcain.md
Vulcain,54,Aviator Cricket,42,≈14.5,≈50,V-11 automatic alarm,5k_10k,contrarian,смеш.,revived,vulcain.md
Yema,55,Rallygraf,39,11,47,Seiko VK64 meca-quartz,300_500,evergreen,смеш.,active,yema.md
Yema,55,Superman 500,39/41,13.4,48/49.5,YEMA2000,1k_2k,evergreen,смеш.,active,yema.md
Yema,55,Superman Heritage,39,13,48,Sellita SW200-1 / YEMA2000 по версии,1k_2k,evergreen,смеш.,active,yema.md
Yema,55,Navygraf,39,12.15,47,YEMA2000/CMM.10 по версии,1k_2k,macro_trend,смеш.,active,yema.md
Yema,55,Wristmaster Traveller,39,9,43.5,CMM.20 micro-rotor,2k_5k,insider_hype,смеш.,active,yema.md
Fortis,56,Flieger F-39/F-41,39/41,12.5,50/52,"UW-30 Performance, база Sellita SW200-1",2k_5k,evergreen,смеш.,active,fortis.md
Fortis,56,Marinemaster M-40/M-44,40/44,12/15,≈49/53,UW-30/Sellita; WERK 11 по M-44,2k_5k,macro_trend,смеш.,active,fortis.md
Fortis,56,Spacematic,40–42,≈11–13,≈48–50,ETA 2836-2 / Sellita по версии,2k_5k,contrarian,смеш.,active,fortis.md
Fortis,56,Stratoliner S-41,41,14.5,50,"WERK 17, La Joux-Perret column-wheel",5k_10k,insider_hype,смеш.,active,fortis.md
Fortis,56,Novonaut N-42,42,15.5,51,"WERK 7, автоматический хронограф",5k_10k,insider_hype,смеш.,active,fortis.md
Junghans,57,Max Bill Automatic,38,10,≈40.0,J800.1 (ETA/Sellita-база),1k_2k,evergreen,смеш.,active,junghans.md
Junghans,57,Max Bill Handaufzug,34,9,≈37.5,J805.1 (ETA/Peseux 7001-база),1k_2k,evergreen,смеш.,active,junghans.md
Junghans,57,Meister Hand-Winding,37.7,7.3,≈44,J815.1 (ETA/Peseux 7001-база),1k_2k,contrarian,смеш.,active,junghans.md
Junghans,57,Form A,39.3,9.5,≈43.5,J800.2 (Sellita SW200-база),1k_2k,contrarian,смеш.,active,junghans.md
Junghans,57,Max Bill MEGA Solar,38,9,≈40,J101.85 radio/solar,1k_2k,macro_trend,смеш.,active,junghans.md
Stowa,58,Partitio,37,≈10.2,≈46.8,Sellita SW200-1,500_1k,contrarian,смеш.,active,stowa.md
Stowa,58,Flieger Classic 36/40,36/40,≈10.2,≈44.6/48.6,Sellita SW200-1,1k_2k,evergreen,смеш.,active,stowa.md
Stowa,58,Flieger Verus,40,≈10.2,≈48.6,Sellita SW200-1,1k_2k,contrarian,смеш.,active,stowa.md
Stowa,58,Marine Original,41,≈12,≈50.2,ETA/Unitas 6498-1,1k_2k,evergreen,смеш.,active,stowa.md
Stowa,58,Antea 365,36.5,≈9.2,≈45.6,Sellita SW200-1,1k_2k,evergreen,смеш.,active,stowa.md
Laco,59,Augsburg,42,≈12,≈50,Miyota 821A/82S0,300_500,evergreen,смеш.,active,laco.md
Laco,59,Aachen,42,≈12,≈50,Miyota 821A/82S0,300_500,evergreen,смеш.,active,laco.md
Laco,59,Paderborn,42,≈13,≈50,Sellita SW200-1,1k_2k,evergreen,смеш.,active,laco.md
Laco,59,Squad Watch,46,≈14,≈55,Sellita SW200-1,1k_2k,contrarian,смеш.,active,laco.md
Laco,59,Flieger Original Erbstück 45,45,≈13,≈53,Sellita SW200-1,2k_5k,insider_hype,смеш.,active,laco.md
Hanhart,60,Pioneer MonoScope,45,≈16,≈55,"Sellita SW500, mono-pusher conversion",2k_5k,contrarian,смеш.,active,hanhart.md
Hanhart,60,Pioneer TwinControl,42,≈15,≈52,Sellita SW500,2k_5k,evergreen,смеш.,active,hanhart.md
Hanhart,60,417 ES 1954,39,13.3,≈46,Sellita SW510 M,2k_5k,insider_hype,смеш.,active,hanhart.md
Hanhart,60,Primus Racer,44,≈15,≈53,Sellita SW500,2k_5k,contrarian,смеш.,active,hanhart.md
Hanhart,60,414 ES,39/42,≈13.5,≈46/49,AMT5100 M flyback,2k_5k,insider_hype,смеш.,active,hanhart.md
Tutima Glashütte,61,M2 Seven Seas,44,≈13,≈52,Tutima 330 (ETA/Sellita-база),2k_5k,evergreen,смеш.,active,tutima.md
Tutima Glashütte,61,Grand Flieger,43,≈13,≈51,Tutima 330/Cal. 310 (ETA-база),2k_5k,contrarian,смеш.,active,tutima.md
Tutima Glashütte,61,Patria,43,≈11.2,≈50,"Tutima 617, ручной in-house",5k_10k,contrarian,смеш.,active,tutima.md
Tutima Glashütte,61,Saxon One Chronograph,43,≈15.7,≈50.5,Tutima 521 (модуль/ETA-база),5k_10k,contrarian,смеш.,active,tutima.md
Tutima Glashütte,61,Tempostopp,43,≈13.5,≈51,"Tutima 659, ручной flyback in-house",15k_plus,insider_hype,смеш.,active,tutima.md
Mühle Glashütte,62,29er,42.4,≈11.3,≈50,"SW200-1, Spechthalsregulierung",1k_2k,evergreen,смеш.,active,muhle-glashutte.md
Mühle Glashütte,62,Panova,40,≈10.4,≈47,"SW200-1, Spechthalsregulierung",1k_2k,macro_trend,смеш.,active,muhle-glashutte.md
Mühle Glashütte,62,Teutonia II,41,≈12.3,≈49,"SW240-1, Spechthalsregulierung",2k_5k,contrarian,смеш.,active,muhle-glashutte.md
Mühle Glashütte,62,Seebataillon GMT,44,≈12.7,≈52.5,"ETA 2893/SW330, Spechthalsregulierung",2k_5k,contrarian,смеш.,active,muhle-glashutte.md
Mühle Glashütte,62,S.A.R. Rescue-Timer,42,≈13.5,≈50,"SW200-1, Spechthalsregulierung",2k_5k,evergreen,смеш.,active,muhle-glashutte.md
Certina,63,DS Action Diver 38,38,≈12.2,≈45,Powermatic 80 / ETA C07.611,500_1k,macro_trend,смеш.,active,certina.md
Certina,63,DS PH200M,42.8,≈11.9,≈52,Powermatic 80 / ETA C07.611,500_1k,evergreen,смеш.,active,certina.md
Certina,63,DS-1,40,≈10.9,≈47.7,Powermatic 80,500_1k,evergreen,смеш.,active,certina.md
Certina,63,DS Super PH500M,43,≈14.9,≈48,Powermatic 80 Nivachron,500_1k,insider_hype,смеш.,active,certina.md
Certina,63,DS-2 Chronograph,43.3,≈15.3,≈50.5,ETA A05.H31,1k_2k,contrarian,смеш.,active,certina.md
Mido,64,Commander 1959,37,≈11.2,≈43,Mido 80 / ETA C07.621,500_1k,evergreen,смеш.,active,mido.md
Mido,64,Multifort TV Big Date,40 x 39.2,≈11.5,≈46,Mido 80 / ETA C07.651,1k_2k,macro_trend,смеш.,active,mido.md
Mido,64,Ocean Star Tribute,40.5,≈13.4,≈47,Mido 80 / ETA C07.621,1k_2k,evergreen,смеш.,active,mido.md
Mido,64,Baroncelli Heritage,39,≈7.3,≈44,ETA 2892/Mido 1192,1k_2k,contrarian,смеш.,active,mido.md
Mido,64,Ocean Star GMT,44,≈13.3,≈50,Mido 80 GMT / ETA C07.661,1k_2k,macro_trend,смеш.,active,mido.md
Alpina,65,Alpiner 4 Automatic,44,13.15,≈51,AL-525,1k_2k,evergreen,смеш.,active,alpina.md
Alpina,65,Alpiner Extreme Automatic 39,39,11.5,42.5,AL-525 / Sellita-class,1k_2k,macro_trend,смеш.,active,alpina.md
Alpina,65,Seastrong Diver 300,44,≈13.5,49,AL-525 / SW200,1k_2k,evergreen,смеш.,active,alpina.md
Alpina,65,Startimer Pilot Automatic 40,40,10.14,≈48,AL-525 / La Joux-Perret base,1k_2k,evergreen,смеш.,active,alpina.md
Alpina,65,Alpiner Heritage Carrée Automatic,32.5×39,9.71,47,AL-530 / SW261,1k_2k,insider_hype,смеш.,active,alpina.md
Frederique Constant,66,Slimline Moonphase Manufacture 39,38.8,11.17,43,FC-703,2k_5k,evergreen,смеш.,active,frederique-constant.md
Frederique Constant,66,Classic Heart Beat Manufacture,39,10.39,≈46,FC-930-3,2k_5k,insider_hype,смеш.,active,frederique-constant.md
Frederique Constant,66,Highlife Automatic COSC 39,39,10.34,≈44,FC-303 / SW200-1,2k_5k,macro_trend,смеш.,active,frederique-constant.md
Frederique Constant,66,Yacht Timer Regatta Countdown,42,≈14,≈50,FC-380,2k_5k,contrarian,смеш.,active,frederique-constant.md
Frederique Constant,66,Highlife Perpetual Calendar Manufacture,41,12.65,≈45,FC-775,5k_10k,insider_hype,смеш.,active,frederique-constant.md
Maurice Lacroix,67,Aikon Automatic 39 / 42,39/42,10.8/≈11,45/≈48,ML115 / SW200-1,1k_2k,macro_trend,смеш.,active,maurice-lacroix.md
Maurice Lacroix,67,Aikon Quartz Chronograph,42,11,≈48,"Swiss quartz, Ronda-class",1k_2k,evergreen,смеш.,active,maurice-lacroix.md
Maurice Lacroix,67,Aikon Automatic Chronograph,44,15,≈50,ML112 / Valjoux 7750,2k_5k,macro_trend,смеш.,active,maurice-lacroix.md
Maurice Lacroix,67,Pontos S Diver 42,42,12.8,50,ML115 / SW200-1,2k_5k,evergreen,смеш.,active,maurice-lacroix.md
Maurice Lacroix,67,Masterpiece Square Wheel Retrograde,43,15,≈51,ML258 manufacture,5k_10k,contrarian,смеш.,active,maurice-lacroix.md
Baume & Mercier,68,Classima Automatic 40,40,8.95,≈47,Sellita SW200-class,1k_2k,evergreen,смеш.,active,baume-mercier.md
Baume & Mercier,68,Clifton Baumatic 39,39,11.2,44,BM13-1975A,2k_5k,evergreen,смеш.,active,baume-mercier.md
Baume & Mercier,68,Riviera Baumatic 42,42,10.66,≈49,BM13-1975A,2k_5k,macro_trend,смеш.,active,baume-mercier.md
Baume & Mercier,68,Hampton Dual Time,31×48,10.8,48,Soprod TT651,2k_5k,contrarian,смеш.,active,baume-mercier.md
Baume & Mercier,68,Riviera Chronograph 43,43,14.1,≈52,Valjoux 7750,2k_5k,contrarian,смеш.,active,baume-mercier.md
Ebel,69,Beluga Lady,26,≈6.5,≈32,Ebel 258 quartz,1k_2k,contrarian,смеш.,active,ebel.md
Ebel,69,Sport Classic Automatic 37,37,8.63,41,Sellita SW300-1,2k_5k,insider_hype,смеш.,active,ebel.md
Ebel,69,Wave Gent Automatic,40,10.9,46.8,ETA 2824-2,2k_5k,contrarian,смеш.,active,ebel.md
Ebel,69,Discovery Chronograph,43,≈14.1,≈49,Ebel 750 / Valjoux 7750,2k_5k,contrarian,смеш.,active,ebel.md
Ebel,69,1911 BTR Chronograph,44.5,13,≈50,Ebel 137,5k_10k,contrarian,смеш.,active,ebel.md
Eberhard & Co.,70,Champion V,42.8,14.45,≈50,LJP 8210,2k_5k,contrarian,смеш.,active,eberhard.md
Eberhard & Co.,70,Scafograf 300,43,12.6,≈53,ETA 2824-2,2k_5k,evergreen,смеш.,active,eberhard.md
Eberhard & Co.,70,Chrono 4,42,13.3,≈50,EB.251 / ETA 2894-2 + module,5k_10k,insider_hype,смеш.,active,eberhard.md
Eberhard & Co.,70,Contograf,42,14.7,≈50,EB 8147 / Valjoux 7750,5k_10k,contrarian,смеш.,active,eberhard.md
Eberhard & Co.,70,Extra-fort Automatic,40,10.07,≈47,Sellita SW200 soigné,5k_10k,evergreen,смеш.,active,eberhard.md
Zodiac,71,Olympos Automatic,37,10,≈44,STP 3-13,500_1k,contrarian,смеш.,active,zodiac.md
Zodiac,71,Super Sea Wolf 53 Compression,40,≈13,≈47.5,STP 1-11 / 3-13,1k_2k,macro_trend,смеш.,active,zodiac.md
Zodiac,71,Super Sea Wolf Skin,39,12.5,47.5,STP 1-11,1k_2k,insider_hype,смеш.,active,zodiac.md
Zodiac,71,Super Sea Wolf GMT,40,13.6,47.8,STP 7-20,1k_2k,macro_trend,смеш.,active,zodiac.md
Zodiac,71,Astrographic Automatic,40,10,43,STP 3-13,1k_2k,insider_hype,смеш.,active,zodiac.md
Bulova,72,Surveyor Automatic 39,39,≈12,≈45.5,Miyota 8215,300_500,evergreen,смеш.,active,bulova.md
Bulova,72,Lunar Pilot Chronograph 43.5,43.5,13.2,51,NP20 high-frequency quartz,500_1k,evergreen,смеш.,active,bulova.md
Bulova,72,Oceanographer Devil Diver 41,41,14.55,45,Miyota 821D,500_1k,macro_trend,смеш.,active,bulova.md
Bulova,72,Precisionist Champlain,46.5,≈17,≈54.5,Bulova P102-class,500_1k,contrarian,смеш.,active,bulova.md
Bulova,72,Marine Star Heritage 98B451,43,15,≈50,NP20 high-frequency quartz,500_1k,evergreen,смеш.,active,bulova.md
Timex,73,Marlin Hand-Wound / Automatic,34 / 40,10 / 13,≈41 / 48,Sea-Gull ручной / Miyota 8215 automatic,under_300,evergreen,смеш.,active,timex.md
Timex,73,Expedition North Field Post Mechanical,38,≈12,≈45,Sea-Gull TY6 ручной,under_300,macro_trend,смеш.,active,timex.md
Timex,73,Q Timex Reissue,38,11.5,≈44.5,Seiko PC33 quartz,under_300,macro_trend,смеш.,active,timex.md
Timex,73,Weekender 38,38,9,≈45,Timex quartz,under_300,evergreen,смеш.,active,timex.md
Timex,73,Ironman Classic 30,38–43,≈12,≈44–49,Timex digital quartz,under_300,evergreen,смеш.,active,timex.md
Orient / Orient Star,74,Bambino Version 2,40.5,11.8,46.5,F6724 automatic,under_300,evergreen,смеш.,active,orient.md
Orient / Orient Star,74,Mako / Ray II,41.5,13,≈47,F6922 automatic,300_500,evergreen,смеш.,active,orient.md
Orient / Orient Star,74,Kamasu,41.8,12.8,46.8,F6922 automatic,300_500,evergreen,смеш.,active,orient.md
Orient / Orient Star,74,Orient Star Semi Skeleton / M42,41 / 41,12.1 / 13.3,≈48.3 / 49.6,F6F44 / F6N47 automatic,1k_2k,contrarian,смеш.,active,orient.md
Orient / Orient Star,74,Orient Star Skeleton,41,10.8,48,F8B62 hand-wound skeleton,2k_5k,insider_hype,смеш.,active,orient.md
Ракета (Raketa),75,Автомат 2615,40.5,≈13,≈46,Raketa 2615 automatic,2k_5k,contrarian,смеш.,active,raketa.md
Ракета (Raketa),75,Big Zero,40.5,13.55,≈45.9,Raketa 2615 automatic,2k_5k,macro_trend,смеш.,active,raketa.md
Ракета (Raketa),75,Copernicus,40.5,13.55,≈45.9,Raketa 2615 automatic,2k_5k,evergreen,смеш.,active,raketa.md
Ракета (Raketa),75,Amphibia / Polar,44,≈14,≈49,Raketa 2615 automatic,2k_5k,contrarian,смеш.,active,raketa.md
Ракета (Raketa),75,Avant-Garde,40.5,13.55,≈45.9,Raketa 2615 automatic,2k_5k,insider_hype,смеш.,active,raketa.md
Восток (Vostok),76,Amphibia 420,39,15,≈46,Vostok 2416Б automatic,under_300,evergreen,смеш.,active,vostok.md
Восток (Vostok),76,Amphibia 710,41,15,≈45,Vostok 2416Б automatic,under_300,evergreen,смеш.,active,vostok.md
Восток (Vostok),76,Komandirskie 811,39,11,≈43,Vostok 2414A hand-wound,under_300,evergreen,смеш.,active,vostok.md
Восток (Vostok),76,Amphibia Classic 120,41,15,≈47,Vostok 2416Б automatic,under_300,contrarian,смеш.,active,vostok.md
Восток (Vostok),76,Amphibia Reef,42,≈14.6,≈50,Vostok 2426.01 automatic GMT,300_500,insider_hype,смеш.,active,vostok.md
Константин Чайкин (Konstantin Chaykin),77,Joker Wristmons,42,13.7,≈48,"K07-0, ETA 2824-2 base + собственный модуль",15k_plus,evergreen,смеш.,waitlist,konstantin-chaykin.md
Константин Чайкин (Konstantin Chaykin),77,Clown,42,≈13.7,≈48,"K07-0 family, Swiss base + модуль",15k_plus,insider_hype,смеш.,waitlist,konstantin-chaykin.md
Константин Чайкин (Konstantin Chaykin),77,Minstrel,42,≈13.7,≈48,автоматическая Swiss base + собственный модуль,15k_plus,insider_hype,смеш.,waitlist,konstantin-chaykin.md
Константин Чайкин (Konstantin Chaykin),77,ThinKing,40,1.65,≈44,"K.23-0 ручной, собственная ультратонкая архитектура",15k_plus,insider_hype,смеш.,waitlist,konstantin-chaykin.md
Константин Чайкин (Konstantin Chaykin),77,Mars Conqueror Mk3 Fighter,55.8×48,17.4,≈55.8,"K.20-0, ETA 2893-2 base + собственный Mars module",15k_plus,contrarian,смеш.,waitlist,konstantin-chaykin.md
Полет / Штурманские,78,Sturmanskie Gagarin Legacy,40,12,≈47,Vostok 2609 ручной / modern variants,500_1k,evergreen,смеш.,active,poljot-sturmanskie.md
Полет / Штурманские,78,Sturmanskie Arctic,42,14,≈49,Vostok 2431 automatic 24h,500_1k,contrarian,смеш.,active,poljot-sturmanskie.md
Полет / Штурманские,78,Poljot Chronograph 3133,38–40,≈13–14,≈44–47,Poljot 3133 ручной,1k_2k,macro_trend,смеш.,active,poljot-sturmanskie.md
Полет / Штурманские,78,Sturmanskie Ocean,44,15,≈52,Vostok 2432 automatic,1k_2k,contrarian,смеш.,active,poljot-sturmanskie.md
Полет / Штурманские,78,Poljot Aviator,40–43,≈14–15,≈48–51,Poljot 3133 ручной или сторонний — проверять,1k_2k,contrarian,смеш.,active,poljot-sturmanskie.md
Pequignet,79,Attitude,39,9.4,≈47,Calibre Initial automatic,2k_5k,insider_hype,смеш.,active,pequignet.md
Pequignet,79,Concorde,36 / 40,≈8.8 / 9,≈41 / 45,Calibre Initial automatic / quartz variants,2k_5k,macro_trend,смеш.,active,pequignet.md
Pequignet,79,Moorea,38–41,≈9–11,≈43–47,ETA/Sellita automatic или quartz — по референсу,2k_5k,evergreen,смеш.,active,pequignet.md
Pequignet,79,Royale,39.5,12.3,≈47,Calibre Royal automatic,5k_10k,contrarian,смеш.,active,pequignet.md
Pequignet,79,Rue Royale,42,12.3,≈50,Calibre Royal automatic,5k_10k,contrarian,смеш.,active,pequignet.md
Cuervo y Sobrinos,80,Historiador,40,11.75,≈48,"CYS 5124, Sellita SW200-1 base",2k_5k,evergreen,смеш.,active,cuervo-y-sobrinos.md
Cuervo y Sobrinos,80,Robusto,40,≈12,≈47,"CYS 8129, Soprod/ETA-family automatic",2k_5k,contrarian,смеш.,active,cuervo-y-sobrinos.md
Cuervo y Sobrinos,80,Buceador,43,16.5,≈52,"CYS 5104, Sellita SW200-1 base",2k_5k,insider_hype,смеш.,active,cuervo-y-sobrinos.md
Cuervo y Sobrinos,80,Prominente,52×32,≈12,52,"CYS automatic, ETA/Sellita base с модулем",5k_10k,contrarian,смеш.,active,cuervo-y-sobrinos.md
Cuervo y Sobrinos,80,Torpedo,45,≈13.5,≈50,ETA 2892-A2 / CYS-modified automatic,5k_10k,contrarian,смеш.,active,cuervo-y-sobrinos.md
Christopher Ward,81,C60 Trident Pro 300 40,40,11.3,47.45,Sellita SW200-1,1k_2k,evergreen,смеш.,active,christopher-ward.md
Christopher Ward,81,C65 Dune Automatic,38,11.7,43.6,Sellita SW200-1,1k_2k,evergreen,смеш.,active,christopher-ward.md
Christopher Ward,81,C1 Bel Canto,41,13,48,FS01 на Sellita SW200-1; автомат,2k_5k,insider_hype,смеш.,active,christopher-ward.md
Baltic,82,HMS 002,38,13; 10 без стекла,47,"Miyota 8315, автомат",300_500,macro_trend,смеш.,active,baltic.md
Baltic,82,Aquascaphe Classic,38/39 с безелем,13; 11 без стекла,47,"Miyota 9039, автомат",500_1k,evergreen,смеш.,active,baltic.md
Baltic,82,Bicompax 001,38,≈12,≈47,"Seagull ST1901, ручной хронограф",500_1k,insider_hype,смеш.,active,baltic.md
Ming,83,17.06 Copper,38,10,43.9,"ETA 2824-2 Top, автомат",1k_2k,insider_hype,смеш.,active,ming.md
Ming,83,37.05 Series 2,38,11.9,≈44.5,"Schwarz Etienne ASE 220.1, автомат",2k_5k,insider_hype,смеш.,active,ming.md
Ming,83,20.01 Series 2,41.5,14.2,≈49,"Agenhor AgenGraphe 6361.M, ручной",15k_plus,insider_hype,смеш.,active,ming.md
Kurono Tokyo,84,Toki Anniversary 2021,37,11,≈42.8,"Miyota 90S5, автомат",1k_2k,speculative_bubble,смеш.,active,kurono-tokyo.md
Kurono Tokyo,84,Chronograph II,38,13.9,≈45,"Seiko NE86, автоматический хронограф",2k_5k,speculative_bubble,смеш.,active,kurono-tokyo.md
Kurono Tokyo,84,Grand Urushi Aoyama,37,≈9.5,≈42.8,"Miyota 90S5, автомат",2k_5k,insider_hype,смеш.,active,kurono-tokyo.md
Farer,85,Lander IV GMT 36,36,11,41.2,"Sellita SW330-2 Top Grade, автомат GMT",1k_2k,evergreen,смеш.,active,farer.md
Farer,85,Aqua Compressor Endeavour III,41.5,12.5,45,"La Joux-Perret G101 soignée, автомат",1k_2k,macro_trend,смеш.,active,farer.md
Farer,85,Universal / Oxley GMT,39.5,≈11,45,"Sellita SW330, автомат GMT",1k_2k,contrarian,смеш.,active,farer.md
Serica,86,4512 Field,37.7,11.3,≈46,STP1-11 ручной,500_1k,insider_hype,смеш.,active,serica.md
Serica,86,5303 COSC,39,12.2,46.5,"Soprod M100 COSC, автомат",1k_2k,macro_trend,набл.,active,serica.md
Serica,86,8315 GMT Chronomètre,39,12.3,46.5,"Soprod C125 COSC, автомат GMT",1k_2k,contrarian,смеш.,active,serica.md
Studio Underd0g,87,Watermel0n 01Series Gen3,38.5,12.9,44.5,"Seagull ST-1901B, ручной хронограф",500_1k,speculative_bubble,смеш.,active,studio-underd0g.md
Studio Underd0g,87,Goût de Diamant,≈38.5,≈13.6,≈44.5,"Seagull ST1901, ручной хронограф",500_1k,insider_hype,оц.класс,active,studio-underd0g.md
Studio Underd0g,87,02Series Gen2,37.5,11.5,46,"Sellita SW200-2 M Power+, ручной",1k_2k,insider_hype,смеш.,active,studio-underd0g.md
anOrdain,88,Model 2 MKII Medium,36,11,43,"Sellita SW210-1, ручной",1k_2k,insider_hype,смеш.,waitlist,anordain.md
anOrdain,88,Model 1 Fumé Medium,38,11,46,"Sellita SW200-1, автомат",2k_5k,insider_hype,смеш.,waitlist,anordain.md
anOrdain,88,Model 1 Oxblood Small,35,10.1,42,SW210-1 / LJP G101 / A1 по заказу,2k_5k,insider_hype,смеш.,waitlist,anordain.md
Fears,89,Brunswick 38,38×38,11.69–11.84,42,"ETA 7001 или LJP D100, ручной",2k_5k,evergreen,смеш.,active,fears.md
Fears,89,Redcliff 39.5 Date ES,39.5,9.98,46.95,"La Joux-Perret G100, автомат",2k_5k,macro_trend,смеш.,active,fears.md
Fears,89,Archival 1930,40×22,8.54,40,"NOS ETA 2360, ручной",2k_5k,insider_hype,смеш.,active,fears.md
Vertex,90,M100A,40,12.2,49,"Sellita SW260-1 Top, автомат",2k_5k,evergreen,смеш.,revived,vertex.md
Vertex,90,MP45 Monopusher Manual,40,14.8,48.5,"Sellita SW510 MP, ручной монопушер",2k_5k,insider_hype,смеш.,revived,vertex.md
Vertex,90,M60 AquaLion,40,14,48.9,"Sellita SW300-1 Top COSC, автомат",2k_5k,contrarian,смеш.,revived,vertex.md
Bremont,91,Terra Nova 38,38,10.7,44,BE-36AE / Sellita SW200-1,2k_5k,macro_trend,смеш.,active,bremont.md
Bremont,91,Supermarine 300M,40,12,49,BE-92AO / Sellita SW300-1,2k_5k,evergreen,смеш.,active,bremont.md
Bremont,91,Longitude LE,40,12.5,49,"Bremont ENG376, K1-derived",15k_plus,contrarian,смеш.,active,bremont.md
Unimatic,92,Modello Uno U1-DN,40,≈13.6,≈49,Seiko NH35A,500_1k,insider_hype,смеш.,active,unimatic.md
Unimatic,92,Modello Due U2-GMT,38,15.7 с кристаллом,47.5,Seiko NH34A GMT,500_1k,insider_hype,смеш.,active,unimatic.md
Unimatic,92,Modello Quattro U4-BLB,40,13.7,49,Seiko NH35A,500_1k,insider_hype,смеш.,active,unimatic.md
Brew Watch Co.,93,Metric Retro Dial,36×41.5,10.75,41.5,Seiko VK68 meca-quartz,300_500,macro_trend,смеш.,active,brew.md
Brew Watch Co.,93,Retromatic,36×39.5,10.5,39.5,Seiko NH35A / Sellita SW200,300_500,contrarian,смеш.,active,brew.md
Brew Watch Co.,93,Mastergraph,38×41.5,10.5,41.5,Seiko VK68 meca-quartz,300_500,contrarian,смеш.,active,brew.md
Autodromo,94,Group B Series 2,39,9.9,49.75,Miyota 9015,500_1k,insider_hype,смеш.,active,autodromo.md
Autodromo,94,Monoposto Series Two,43,11,46,Miyota 9039,500_1k,insider_hype,смеш.,active,autodromo.md
Autodromo,94,Intereuropa,39,10.3,42.9,ETA/Peseux 7001,1k_2k,insider_hype,смеш.,active,autodromo.md
Halios,95,Seaforth IV,40 fixed / 41 rotating,12.4,46.5,Sellita SW200-2,500_1k,insider_hype,смеш.,active,halios.md
Halios,95,Fairwind,38.8,12.7,47.8,Sellita SW200-1,500_1k,insider_hype,смеш.,active,halios.md
Halios,95,Universa Series II,38,11,48,Sellita SW300 / SW300-1,1k_2k,insider_hype,смеш.,active,halios.md
Zelos,96,Mako 40 Diver/GMT,40,14.8 с кристаллом,47,Miyota 9015 / 9075 GMT,500_1k,insider_hype,смеш.,active,zelos.md
Zelos,96,Hammerhead 1000M,44,17,49,Seiko NH35,1k_2k,insider_hype,смеш.,active,zelos.md
Zelos,96,Swordfish 40/42,40/42,12,46/48,Seiko NH35,1k_2k,insider_hype,смеш.,active,zelos.md
Formex,97,Field Automatic Gen 2,40,10.5–10.6,46.6–48,Sellita SW200-1,500_1k,macro_trend,смеш.,active,formex.md
Formex,97,Essence ThirtyNine,39,10.5,45.5,Sellita SW200-2 Power+ COSC,1k_2k,macro_trend,смеш.,active,formex.md
Formex,97,Reef 39.5,39.5,11,45.5,Sellita SW300-1 COSC,1k_2k,macro_trend,смеш.,active,formex.md
Traska,98,Freediver ref.1187,40–40.5,11.9,48,Miyota 9039,500_1k,macro_trend,смеш.,active,traska.md
Traska,98,Summiteer 38,38.2,10.4,45.6,Miyota 9039,500_1k,macro_trend,смеш.,active,traska.md
Traska,98,Venturer GMT,38.5,12.1 с кристаллом,46.1,Miyota 9075 true GMT,500_1k,insider_hype,смеш.,active,traska.md
Lorier,99,Neptune,39,12.7 общая,46,Miyota 90S5/9039,500_1k,macro_trend,смеш.,active,lorier.md
Lorier,99,Falcon Series III,36,11 с куполом,44,Miyota 90S5,500_1k,macro_trend,смеш.,active,lorier.md
Lorier,99,Hyperion SII,39,12.7 с куполом,46,Miyota 9075 true GMT,500_1k,insider_hype,смеш.,active,lorier.md
Nodus,100,Sector Dive,38.9,12.7,46.5,"Seiko/TMI NH35, regulated",300_500,macro_trend,смеш.,active,nodus.md
Nodus,100,Avalon II,41.7,12.7,47.9,"Miyota 9015, regulated",500_1k,contrarian,смеш.,active,nodus.md
Nodus,100,Contrail GMT,40.5,11.8,46.6,"Miyota 9075 true GMT, regulated",500_1k,insider_hype,смеш.,active,nodus.md
Oak & Oscar,101,[Humboldt 12hr](https://oakandoscar.com/pages/the-humboldt-12-hr),40,12.4,46.8,"ETA 2892-A2, внешний автомат",1k_2k,contrarian,смеш.,active,oak-and-oscar.md
Oak & Oscar,101,[Olmsted 38](https://wornandwound.com/introducing-the-oak-oscar-olmsted/),38,10.8,44.9,"ETA 2892-A2 / Sellita SW300-1, внешняя ébauche",1k_2k,evergreen,смеш.,active,oak-and-oscar.md
Oak & Oscar,101,[Jackson Flyback Chronograph](https://www.hodinkee.com/articles/oak-and-oscar-chicago),40,14.5,≈48,"Eterna 3916M, внешний ручной flyback",2k_5k,insider_hype,смеш.,active,oak-and-oscar.md
Furlan Marri,102,[Mr. Grey ref. 1041-A](https://www.gphg.org/fr/watches/mr-grey-ref-1041-a),38,11.3,46,"Seiko VK64 mechaquartz, внешний гибрид",500_1k,insider_hype,смеш.,active,furlan-marri.md
Furlan Marri,102,[Havana Salmon](https://www.watchfinder.com/articles/review-furlan-marri-havana-salmon),38,11.3,46,"Seiko VK64 mechaquartz, внешний гибрид",500_1k,contrarian,смеш.,active,furlan-marri.md
Furlan Marri,102,[Sector Disco Volante](https://www.intlwatchleague.com/showthread.php?73466-Worn-amp-Wound-Review-the-Furlan-Marri-Disco-Volante),38,8.95,≈44.5,"La Joux-Perret G100, внешний автомат",1k_2k,macro_trend,смеш.,active,furlan-marri.md
Maen,103,[Hudson 38 MK5](https://www.maenwatches.com/collections/hudson-38-mk5),38,≈12,46,"La Joux-Perret G100, внешний автомат",500_1k,macro_trend,смеш.,active,maen.md
Maen,103,[Manhattan 37](https://www.maenwatches.com/collections/manhattan-37),37×37,9.3,≈47,"Sellita SW200-1 Top, внешняя ébauche",500_1k,insider_hype,смеш.,active,maen.md
Maen,103,[Skymaster 38 MKIII](https://www.maenwatches.com/),38,≈12.9,≈47,"Sellita SW510 / ETA 2894-платформа по версии, внешняя ébauche",1k_2k,contrarian,смеш.,active,maen.md
Reservoir,104,[Airfight](https://monochrome-watches.com/reservoir-watches-cool-retrograde-jumping-display-hands-on-price/),43,13,51.4,"ETA 2824-2 + Télôs модуль, внешний базовый калибр",2k_5k,contrarian,смеш.,active,reservoir.md
Reservoir,104,[GT Tour Blue Edition](https://www.fratellowatches.com/reservoir-gt-tour-blue-edition-hands-on-review/),43,13.3,≈51.4,ETA 2824-2 + 124-детальный модуль,2k_5k,macro_trend,смеш.,active,reservoir.md
Reservoir,104,[Hydrosphere Blackfin](https://montre-plongee-militaire.com/en/dive-watches/reservoir-hydrosphere-blackfin),45,14.9,45,ETA 2824-2 + фирменный модуль,5k_10k,insider_hype,смеш.,active,reservoir.md
March LA.B,105,[AM1 Automatic](https://march-lab.com/en/collections/lhistoire-de-march-la-b),40,≈12.5,≈47,"Miyota 9015, внешний автомат",1k_2k,contrarian,смеш.,active,march-lab.md
March LA.B,105,[AM2 Automatic](https://timeworkshop.com/watches/march-lab-am2/),39,11.5,46,"Miyota 9015, внешний автомат",1k_2k,evergreen,смеш.,active,march-lab.md
March LA.B,105,[Belza Automatic](https://march-lab.com/en-pl),40,≈12,≈46,"Miyota 9015, внешняя ébauche",1k_2k,contrarian,смеш.,active,march-lab.md
Lip,106,[Mach 2000 Roger Tallon](https://lip.fr/en/),42,≈10,≈44,"Ronda quartz, внешняя ébauche",300_500,evergreen,оц.класс,active,lip.md
Lip,106,[Nautic-Ski Automatic](https://lip.fr/en/nautic-ski/188-lip-nautic-ocean-671854),38.5,≈14.5,≈46,"Miyota 821A, внешний автомат",500_1k,macro_trend,смеш.,active,lip.md
Lip,106,[Himalaya Automatic](https://lip.fr/en/),40,≈13,≈47,"Miyota 821A / 8315 по версии, внешняя ébauche",500_1k,evergreen,оц.класс,active,lip.md
Duckworth Prestex,107,[Verimatic](https://www.watchgecko.com/blogs/magazine/introducing-duckworth-prestex),39,≈11.5,≈46.5,"Miyota 9039, внешний автомат",500_1k,insider_hype,смеш.,active,duckworth-prestex.md
Duckworth Prestex,107,[Bolton Automatic Small Seconds](https://duckworthprestex.com/products/bolton-classic-quartz),39,11,46.5,"Miyota 82S5, внешняя ébauche",500_1k,evergreen,смеш.,active,duckworth-prestex.md
Duckworth Prestex,107,[Bolton Chronograph](https://www.watchspecialists.com/product/duckworth-prestex-bolton-chronograph-black-strap-39mm-d531-02a/),39,≈11,46.5,Seiko/Hattori VK64 mechaquartz,500_1k,contrarian,смеш.,active,duckworth-prestex.md
Garrick,108,[S4](https://watchesbysjx.com/2021/01/garrick-s4.html),42,≈11.7,≈48,"Garrick MK2, глубоко модифицированный Unitas 6498",5k_10k,insider_hype,смеш.,active,garrick.md
Garrick,108,[S1](https://garrick.co.uk/pages/watch-making),42,≈10,≈50,"Garrick UT-G01, совместная разработка со Strehler",15k_plus,contrarian,смеш.,active,garrick.md
Garrick,108,[Portsmouth](https://oracleoftime.com/watch-review-garrick-portsmouth-guilloche/),42,≈10.5,≈50,"Garrick UT-G01, совместно со Strehler",15k_plus,contrarian,смеш.,active,garrick.md
RGM Watch Co.,109,[Model 25](https://www.rgmwatches.com/press-model-25-stone-tiger),40,≈10.5,≈48,"RGM-modified ETA 2892-A2, швейцарская база",10k_15k,contrarian,смеш.,waitlist,rgm.md
RGM Watch Co.,109,[801/40](https://www.fratellowatches.com/introducing-the-new-rgm-801-40-ce/),40.3,10.5,49.5,"RGM Calibre 801, in-house ручной",10k_15k,insider_hype,смеш.,waitlist,rgm.md
RGM Watch Co.,109,[Pennsylvania Tourbillon](https://www.rgmwatches.com/watches),43.3,≈12.3,≈53,"RGM Pennsylvania Tourbillon, in-house",15k_plus,contrarian,смеш.,waitlist,rgm.md
Damasko,110,[DS30](https://watchclicker.com/damasko-ds30-review/),39,9.95,47.7,"ETA 2824-2 Elaboré, внешняя ébauche",1k_2k,evergreen,смеш.,active,damasko.md
Damasko,110,[DK105](https://www.damasko-watches.com/en/Company-Technologies/Manufactory/),42,≈12.6,≈50,"Damasko H35, in-house ручной",2k_5k,contrarian,смеш.,active,damasko.md
Damasko,110,[DC80](https://www.chronomaster.co.uk/watches/damasko-dc80-automatic-chronograph-watch/),42,≈14.6,≈50.4,"Damasko C51-1, фирменный модуль/детали на 7750-архитектуре",2k_5k,insider_hype,смеш.,active,damasko.md
Marathon,111,Navigator Pilot's Watch,41,13,48,ETA F06.412 High Torque кварц,500_1k,evergreen,смеш.,active,marathon.md
Marathon,111,GSAR / TSAR 41 mm,41,14,48,Sellita SW200-1 авто / ETA F06 кварц,1k_2k,evergreen,смеш.,active,marathon.md
Marathon,111,JDD 46 mm,46,18,55,Sellita SW220-1 автомат,2k_5k,contrarian,смеш.,active,marathon.md
Tornek-Rayville,112,TR-660 Non-Date,40,14.7,48.5,SII NE15C автомат,1k_2k,insider_hype,смеш.,revived,tornek-rayville.md
Tornek-Rayville,112,TR-660 Date,40,14.7,48.5,SII NE15C автомат,1k_2k,insider_hype,смеш.,revived,tornek-rayville.md
Tornek-Rayville,112,"TR-900, винтаж US Navy",≈41,≈14.5,≈48,Blancpain/Rayville автомат,15k_plus,contrarian,смеш.,revived,tornek-rayville.md
Wolbrook / Douglas,113,Skindiver Automatic,40,13,48,Miyota 8315 автомат,500_1k,macro_trend,смеш.,revived,wolbrook.md
Wolbrook / Douglas,113,Skindiver WT Automatic,40,13,48,Miyota 8315 автомат,500_1k,insider_hype,смеш.,revived,wolbrook.md
Wolbrook / Douglas,113,JetFlyer Automatic Chronograph,42,≈15,≈49,Seiko NE86 автоматический хронограф,2k_5k,contrarian,смеш.,revived,wolbrook.md
Benrus,114,"Type I MIL SPEC, современный",39.5,14.4,47.66,ETA 2892 автомат,1k_2k,insider_hype,смеш.,revived,benrus.md
Benrus,114,"Type II MIL SPEC, современный",39.5,14.4,47.66,ETA 2892 автомат,1k_2k,insider_hype,смеш.,revived,benrus.md
Benrus,114,"Sky Chief, современный",36,11.9,42.5,ETA 2894 COSC автоматический хронограф,2k_5k,contrarian,смеш.,revived,benrus.md
CWC (Cabot Watch Company),115,G10 Issue Watch,38,≈11,≈44,швейцарский кварц,300_500,evergreen,смеш.,active,cwc.md
CWC (Cabot Watch Company),115,RN Diver 300 Quartz Mk.2,≈41,≈12.5,≈47,швейцарский кварц,500_1k,evergreen,смеш.,active,cwc.md
CWC (Cabot Watch Company),115,SBS Issue Diver,≈41,≈12.5,≈47,швейцарский кварц day-date,500_1k,insider_hype,смеш.,active,cwc.md
Precista,116,PRS-5 Chronograph,37,≈14,≈46,Seagull ST-1901 ручной,300_500,contrarian,смеш.,revived,precista.md
Precista,116,PRS-53 Fat Arrow,37,≈11,≈45,ручной/автоматический внешний калибр по выпуску,300_500,insider_hype,смеш.,revived,precista.md
Precista,116,PRS-14 Diver,44,≈14,≈52,ETA 2824-2 / Sellita по партии,500_1k,contrarian,смеш.,revived,precista.md
Ollech & Wajs (O&W),117,"Mirage III Chronograph, винтаж/архив",≈39.5,≈14,≈47,Valjoux 7750 автомат,1k_2k,contrarian,смеш.,revived,ollech-wajs.md
Ollech & Wajs (O&W),117,Ocean Graph,39.56,15.8,49.5,OW5 / Soprod P024 автомат,2k_5k,insider_hype,смеш.,revived,ollech-wajs.md
Ollech & Wajs (O&W),117,C-1000,39.56,15.8,49.5,OW5 / Soprod автомат,2k_5k,contrarian,смеш.,revived,ollech-wajs.md
Excelsior Park,118,Chronograph 95000 Series,38.9,13.2,47.5,Sellita SW510 M BH b ручной,2k_5k,insider_hype,смеш.,revived,excelsior-park.md
Excelsior Park,118,Bi-Compax Black,38,≈13,≈47,Sellita SW510 ручной,2k_5k,contrarian,смеш.,revived,excelsior-park.md
Excelsior Park,118,"EP40 Chronograph, винтаж",≈37,≈12.5,≈45,Excelsior Park EP40 ручной,5k_10k,contrarian,смеш.,revived,excelsior-park.md
Gallet,119,Gallet Relaunch 2026,данные отсутствуют,≈13,≈47,данные отсутствуют,2k_5k,insider_hype,оц.класс,revived,gallet.md
Gallet,119,"MultiChron Navigator GMT, винтаж",≈37,≈13,≈45,Excelsior Park / Valjoux по версии,5k_10k,contrarian,смеш.,revived,gallet.md
Gallet,119,"Flight Officer, винтаж",≈34–37,≈12–14,≈42–45,Excelsior Park/Valjoux по периоду,10k_15k,evergreen,смеш.,revived,gallet.md
Favre-Leuba,120,Deep Blue Revival,41,≈13.5,≈47.5,FLD02 / La Joux-Perret G100-derived автомат,2k_5k,macro_trend,смеш.,revived,favre-leuba.md
Favre-Leuba,120,Chief Date,40,≈10.8,≈47.5,FLD03 / La Joux-Perret G100-derived автомат,2k_5k,insider_hype,смеш.,revived,favre-leuba.md
Favre-Leuba,120,Bivouac 9000,48,18.7,≈57,"FL311 автомат, база Eterna",5k_10k,contrarian,смеш.,revived,favre-leuba.md
Universal Genève,121,Polerouter Date Prêt-à-Porter 39,39,9.5,≈47,UG-110 automatic,15k_plus,insider_hype,смеш.,revived,universal-geneve.md
Universal Genève,121,Compax «Nina Rindt» UGCO001,39.5,12.45,47.8,UG-200 automatic chronograph,15k_plus,insider_hype,смеш.,revived,universal-geneve.md
Universal Genève,121,"Tri-Compax винтаж, ref. 881101/01",≈36,≈12,≈44,"UG 281, ручной хронограф/календарь",15k_plus,evergreen,оц.класс,revived,universal-geneve.md
Lemania,122,"Cal. 5100 / Sinn 142, Tutima NATO",≈40–44,≈14–16,≈46–50,Lemania 5100 automatic,5k_10k,insider_hype,смеш.,vintage_only,lemania.md
Lemania,122,Cal. 1873/861 / Omega Speedmaster,42,≈13.5,≈47.5,Lemania 1873 / Omega 861,5k_10k,evergreen,смеш.,vintage_only,lemania.md
Lemania,122,Cal. 2310 / Omega 321,≈38–42 корпус часов,≈12–15,≈45–48,Lemania 2310 / Omega 321,15k_plus,evergreen,смеш.,vintage_only,lemania.md
Minerva,123,Исторический Minerva cal. 13-20,≈36.5,≈12,≈44,"13-20 ручной, column wheel",5k_10k,evergreen,смеш.,revived,minerva.md
Minerva,123,Montblanc 1858 Monopusher / M16.29,≈44,≈14.5,≈52,Minerva M16.29 ручной,15k_plus,insider_hype,оц.класс,revived,minerva.md
Minerva,123,Minerva The Unveiled Crownless ref. 137544,41–41.5,12,≈49,"Minerva M15.08, ручной",15k_plus,insider_hype,смеш.,revived,minerva.md
Montblanc,124,Iced Sea Automatic Date ref. MB133300,38,12.9,≈46,"MB 24.17, Sellita-class automatic",2k_5k,macro_trend,смеш.,active,montblanc.md
Montblanc,124,Heritage Automatic ref. 119944,40,11.65,≈47,"MB 24.26, Sellita-based",2k_5k,contrarian,смеш.,active,montblanc.md
Montblanc,124,1858 Geosphere ref. 117837,42,12.8,≈49,"MB 29.25, Sellita SW300 + module",5k_10k,evergreen,смеш.,active,montblanc.md
Eterna,125,KonTiki Four-Hands ref. 1592,42,≈12,≈49,ETA 2836-2 / Eterna 3916A по версии,1k_2k,contrarian,смеш.,active,eterna.md
Eterna,125,Super KonTiki ref. 1273.41,44–45,13.7,≈51,ETA 2824-2 / Sellita SW200-1,1k_2k,contrarian,смеш.,active,eterna.md
Eterna,125,Heritage 1948 Moonphase ref. 2958.41,≈40,≈14,≈48,Valjoux 7751-class automatic,2k_5k,contrarian,смеш.,active,eterna.md
Movado,126,Museum Classic 0608008,40,≈7.5,≈44,Swiss quartz,500_1k,evergreen,смеш.,active,movado.md
Movado,126,Movado BOLD,≈34–48,≈8–12,≈40–54,преимущественно quartz,500_1k,macro_trend,смеш.,active,movado.md
Movado,126,Series 800 Chronograph 2600179,≈42,≈12,≈49,Swiss quartz chronograph,1k_2k,evergreen,смеш.,active,movado.md
Cyma,127,Charisma current,≈32–40,≈8–11,≈38–47,Swiss quartz/automatic по SKU,1k_2k,contrarian,смеш.,active,cyma.md
Cyma,127,Europa current,≈35–41,≈9–12,≈42–48,external Swiss movement,1k_2k,contrarian,смеш.,active,cyma.md
Cyma,127,Cyma WWW Dirty Dozen P8344,38,≈11,≈46,"Cyma 234, ручной",2k_5k,evergreen,смеш.,active,cyma.md
Roamer,128,Searock Automatic 210665,42,11,≈49,Soprod P024 / STP1-11 (страница противоречива),500_1k,evergreen,смеш.,active,roamer.md
Roamer,128,Vanguard / Vanguard Chronograph,≈42,≈12,≈49,Ronda quartz / automatic по версии,500_1k,contrarian,оц.класс,active,roamer.md
Roamer,128,Competence Skeleton IV,43,≈12,≈50,Sellita/Soprod automatic skeleton,500_1k,insider_hype,смеш.,active,roamer.md
Rotary,129,Ultra Slim GS08013/01,38,5.7,≈43,quartz,under_300,evergreen,смеш.,active,rotary.md
Rotary,129,Henley Automatic GB05380/04,42,≈12,≈49,external automatic,300_500,contrarian,смеш.,active,rotary.md
Rotary,129,Legacy Automatic GB90166/03,≈40,≈10,≈47,Sellita SW200 automatic,500_1k,contrarian,оц.класс,active,rotary.md
Record Watch Co.,130,Record Chronometer / De Luxe 1950–60-е,≈33–35,≈9–11,≈40–43,"Record manual/automatic, зависит от ref.",2k_5k,contrarian,смеш.,vintage_only,record.md
Record Watch Co.,130,Record WWW Dirty Dozen,≈36.5,≈11,≈45,"Record cal. 022K, ручной",2k_5k,evergreen,смеш.,vintage_only,record.md
Record Watch Co.,130,Datofix ref. 4398 / cal. 107CLD,≈35,≈11,≈42,"Record 107CLD, ручной triple calendar moonphase",5k_10k,insider_hype,смеш.,vintage_only,record.md
Cortébert,131,Cortébert Grand Prix / Cal. 678,данные отсутствуют,данные отсутствуют,данные отсутствуют,"Cal. 678, 17 камней; обозначение присутствует в листинге (https://www.chrono24.com/cortebert/index.htm)",under_300,contrarian,смеш.,revived,cortebert.md
Cortébert,131,"Cortébert 616/618 — исторический ручной калибр, включая Rolex/Panerai-контекст",16 линий (https://perezcope.com/movements/),8–11 мм,40–46 мм,"Cortébert 616/618; для 618 — 17 камней, спираль Breguet (https://perezcope.com/movements/)",300_500,contrarian,смеш.,revived,cortebert.md
Cortébert,131,"Cortébert Diver 200m Calendar Date — поздняя/современная модель, атрибуция требует проверки",42 мм (https://www.chrono24.com/cortebert/index.htm),12–15 мм,49–52 мм,данные отсутствуют,300_500,contrarian,смеш.,revived,cortebert.md
Enicar,132,"Enicar Sherpa Super-Dive, ref. 144-35-02",39 мм (https://kibblewatches.co.uk/products/1960s-enicar-sherpa-super-dive-39mm-automatic-144-35-02),"13,5 мм (https://kibblewatches.co.uk/products/1960s-enicar-sherpa-super-dive-39mm-automatic-144-35-02)",49 мм (https://kibblewatches.co.uk/products/1960s-enicar-sherpa-super-dive-39mm-automatic-144-35-02),"Enicar AR 1145, автоматический (https://kibblewatches.co.uk/products/1960s-enicar-sherpa-super-dive-39mm-automatic-144-35-02)",2k_5k,evergreen,смеш.,revived,enicar.md
Enicar,132,"Enicar Sherpa Jet, GMT-исполнения, ref. 146/003 и родственные",40 мм; для семейства также указаны варианты 36 и около 42 мм (https://www.fratellowatches.com/tbt-enicar-sherpa-super-jet/),14 мм (https://www.fratellowatches.com/tbt-enicar-sherpa-super-jet/),около 49 мм (https://www.fratellowatches.com/tbt-enicar-sherpa-super-jet/),данные отсутствуют,2k_5k,evergreen,смеш.,revived,enicar.md
Enicar,132,"Enicar Sherpa Graph, ref. 072-02-01 / Mark II–IV",40 мм (https://www.tickingtimehomme.com/shop/1968-enicar-sherpa-graph-mark-iv-eni-0201-m01-001),"13,5 мм для Mark IV; 14,5 мм для Mark II (https://www.tickingtimehomme.com/shop/1968-enicar-sherpa-graph-mark-iv-eni-0201-m01-001) (https://shop.hodinkee.com/products/1960s-enicar-sherpa-graph-mark-2-072-001)","49,3 мм для Mark IV (https://www.tickingtimehomme.com/shop/1968-enicar-sherpa-graph-mark-iv-eni-0201-m01-001)","Valjoux 72, ручной завод (https://enicar101.com/sherpa-graph-mkiii/)",10k_15k,insider_hype,смеш.,revived,enicar.md
Solvil et Titus,133,"Classicist W06-03044-001, 3 стрелки и дата",42 мм (https://www.citychain.com.sg/products/solvil-et-titus-classicist-w06-03044-001-3-hands-date-quartz-men-watch),9 мм (https://www.citychain.com.sg/products/solvil-et-titus-classicist-w06-03044-001-3-hands-date-quartz-men-watch),около 50 мм,данные отсутствуют,under_300,evergreen,смеш.,active,solvil-et-titus.md
Solvil et Titus,133,Modernist Chronograph W06-03338-001 / -007 / -008,44 мм (https://www.solvil-et-titus.hk/products/modernist-chronograph-quartz-stainless-steel-men-watch-w06-03338-001),"12,5 мм (https://www.solvil-et-titus.hk/products/modernist-chronograph-quartz-stainless-steel-men-watch-w06-03338-001)","около 52,8 мм",Epson VR32 (https://www.solvil-et-titus.hk/products/modernist-chronograph-quartz-stainless-steel-men-watch-w06-03338-001),under_300,evergreen,смеш.,active,solvil-et-titus.md
Solvil et Titus,133,Perfect Gentleman,данные отсутствуют,"≈11–14 мм (база оценки: актуальные мужские автоматические Solvil et Titus — Cervus W06-03403-002 толщиной 12,05 мм и The Cape W06-03227-005 толщиной 14,3 мм; отдельный референс Perfect Gentleman не идентифицирован) (https://solvil-et-titus.sg/products/cervus-3-hands-mechanical-stainless-steel-men-watch-w06-03403-002)","≈47–51 мм (база оценки: корпуса актуальных мужских dress-моделей бренда диаметром 39–42 мм и типовое отношение L2L/диаметр 1,20–1,22; отдельный референс Perfect Gentleman не идентифицирован) (https://solvil-et-titus.sg/products/cervus-3-hands-mechanical-stainless-steel-men-watch-w06-03403-002)",данные отсутствуют,300_500,evergreen,смеш.,active,solvil-et-titus.md
Smiths,134,"Smiths Everest PRS-25, 36 мм",36 мм (https://www.timefactors.com/products/smiths-everest-prs-25-36mm-black-dial),"11,4 мм (https://www.timefactors.com/products/smiths-everest-prs-25-36mm-black-dial)","43,5 мм (https://www.timefactors.com/products/smiths-everest-prs-25-36mm-black-dial)",Miyota 9039 (https://www.timefactors.com/products/smiths-everest-prs-25-36mm-black-dial),300_500,contrarian,смеш.,revived,smiths.md
Smiths,134,"Smiths Military PRS-29A / W10, 36 мм",36 мм (https://www.timefactors.com/products/smiths-military-prs-29),"11,1 мм (https://www.timefactors.com/products/smiths-military-prs-29)","46,8 мм (https://www.timefactors.com/products/smiths-military-prs-29)",ETA 2801-2 (https://www.timefactors.com/products/smiths-military-prs-29),300_500,contrarian,смеш.,revived,smiths.md
Smiths,134,Smiths Traveller PRS-58,38 мм (https://www.timefactors.com/products/smiths-traveller-prs-58),15 мм (https://www.timefactors.com/products/smiths-traveller-prs-58),45 мм (https://www.timefactors.com/products/smiths-traveller-prs-58),Miyota 9075 (https://www.timefactors.com/products/smiths-traveller-prs-58),500_1k,contrarian,смеш.,revived,smiths.md
Sea-Gull,135,"Sea-Gull Ocean Star / Ocean Star Pro, ref. 816.523 или 816.42.1210","43,5–44 мм (https://12and60.com/sea-gull-ocean-star-watch-review/)","12,3–13 мм (https://poljot24.de/en/816-42-1210.html)",50 мм для Pro (https://poljot24.de/en/816-42-1210.html),"ST2130, автоматический, дата, остановка секунд (https://www.seagullwatchcompany.com/product-page/seagull-ocean-star-mechanical-diving-swimming-sport-watch-816-523)",300_500,evergreen,смеш.,active,sea-gull.md
Sea-Gull,135,"Sea-Gull 1963 / 1963 Series Times Edition Reissue, ref. 819.17.1963A","37,3 мм (https://en.seagullwatch.com/zh-hans/products/seagull-1963-chronograph-watch-times-edition-reissue-37-3mm-1963a)",около 15 мм (https://en.seagullwatch.com/zh-hans/products/seagull-1963-chronograph-watch-times-edition-reissue-37-3mm-1963a),около 47 мм (https://en.seagullwatch.com/zh-hans/products/seagull-1963-chronograph-watch-times-edition-reissue-37-3mm-1963a),"ST1901, ручной завод, 22 камня, колонное колесо (https://en.seagullwatch.com/zh-hans/products/seagull-1963-chronograph-watch-times-edition-reissue-37-3mm-1963a)",500_1k,evergreen,смеш.,active,sea-gull.md
Sea-Gull,135,"Sea-Gull Ultra-thin Automatic Tourbillon, ref. 818.12.8850",около 42 мм (https://en.seagullwatch.com/fr/products/mouette-montre-tourbillon-automatique-ultra-mince-42mm-8850),"около 9,4 мм (https://seagullwatchofficial.com/products/ultra-thin-tourbillon-watch-8850)",≈48 мм (https://en.seagullwatch.com/products/seagull-ultra-thin-automatic-tourbillon-watch-42mm-8850),"ST8610, автоматический турбийон, 34 камня (https://seagullwatchofficial.com/products/ultra-thin-tourbillon-watch-8850)",2k_5k,contrarian,смеш.,active,sea-gull.md
Shanghai Watch,136,Originate 39 mm — 21OR-50-ST21-SRNT,39 мм (https://chinawatchshop.com/products/173),"10,95 мм (https://chinawatchshop.com/products/173)",оценочно 46–48 мм,"Sea-Gull ST21, автоматический, 28 камней (https://chinawatchshop.com/products/173)",300_500,evergreen,смеш.,revived,shanghai-watch.md
Shanghai Watch,136,A623 Revival / Shanghai Watch In Red — SD078.1553.018.08,36 мм (https://shanghaiwatch.com/products/shanghai-watch-in-red-a623-revival-mechanical-watch),"9,60 мм (https://shanghaiwatch.com/products/shanghai-watch-in-red-a623-revival-mechanical-watch)",оценочно 43–45 мм,данные отсутствуют,300_500,evergreen,смеш.,revived,shanghai-watch.md
Shanghai Watch,136,A581 Shanghai — A581 Reissue / HL581,35 мм (https://chinawatchshop.com/products/1958),"11,5 мм (https://chinawatchshop.com/products/1958)",оценочно 42–44 мм,"SS7, ручной завод, 17 камней (https://chinawatchshop.com/products/1958)",2k_5k,evergreen,смеш.,revived,shanghai-watch.md
Beijing Watch Factory / Beijing Watch,137,Beijing The Great Wall Watch 41mm (BG030007),"41,00 мм (https://beijingwatches.com/products/beijing-the-great-wall-brick-texture-dial-watch-41mm)","10,80 мм (https://beijingwatches.com/products/beijing-the-great-wall-brick-texture-dial-watch-41mm)","≈49–50 мм (база оценки: официальный диаметр 41 мм и типовое отношение L2L/диаметр 1,20–1,22 для круглого dress-корпуса; производитель L2L не публикует) (https://beijingwatches.com/products/beijing-the-great-wall-brick-texture-dial-watch-41mm)",данные отсутствуют,300_500,evergreen,смеш.,active,beijing-watch.md
Beijing Watch Factory / Beijing Watch,137,Beijing Beihai BG010001 — dress,40 мм (http://wap.beijingwatch.com/item/39),"9,25 мм (http://wap.beijingwatch.com/item/39)","≈48–49 мм (база оценки: официальный диаметр 40 мм BG010001 и типовое отношение L2L/диаметр 1,20–1,22; завод L2L не публикует) (http://wap.beijingwatch.com/item/39)","B18, ручной завод (http://wap.beijingwatch.com/item/39)",500_1k,contrarian,смеш.,active,beijing-watch.md
Beijing Watch Factory / Beijing Watch,137,Beijing Bladelegant Tourbillon Watch Limited Edition 43mm,43 мм (https://beijingwatches.com/collections/bladelegant),"11,35 мм (https://beijingwatches.com/products/beijing-bladelegant-tourbillon-watch-limited-edition-43mm)","≈51–53 мм (база оценки: официальный диаметр 43 мм и типовое отношение L2L/диаметр 1,19–1,23 для круглого корпуса; производитель L2L не публикует) (https://beijingwatches.com/products/beijing-bladelegant-tourbillon-watch-limited-edition-43mm)",данные отсутствуют,2k_5k,contrarian,смеш.,active,beijing-watch.md
HMT,138,"HMT Janata, винтажная механическая версия",36 мм (https://www.chrono24.fr/all/hmt-janata--id44537249.htm),"7 мм (https://www.chrono24.fr/all/hmt-janata--id44537249.htm); 9,6 мм (https://www.watchcrunch.com/ofQuartz/reviews/hmt-janata-140176-review-1393)","44,2 мм (https://www.watchcrunch.com/ofQuartz/reviews/hmt-janata-140176-review-1393)","HMT 0231, ручной завод, 17 камней (https://www.chrono24.fr/all/hmt-janata--id44537249.htm)",under_300,evergreen,смеш.,nos_stock,hmt.md
HMT,138,HMT Pilot,35–38 мм,9–10 мм (https://www.watchcrunch.com/dksanghvi/collection/hmt-pilot-23-906900) (https://www.thewatchdude.com/2025/07/wristwatch-review-refurbished-vintage.html) (разброс измеренных винтажных экземпляров),≈42–45 мм (https://www.watchcrunch.com/dksanghvi/collection/hmt-pilot-23-906900) (https://www.thewatchdude.com/2025/07/wristwatch-review-refurbished-vintage.html) (разброс измеренных винтажных экземпляров),"HMT 0231 / Citizen 0201-derived, ручной завод (база оценки: типовая и многократно документированная комплектация HMT Pilot; конкретный экземпляр требует сверки механизма)",under_300,contrarian,смеш.,nos_stock,hmt.md
HMT,138,"HMT Kohinoor, ручная механика","31 мм (https://theindianwatchguy.wordpress.com/2020/12/23/the-hmt-kohinoor/); около 38,5 мм с заводной головкой (https://www.watchcrunch.com/ofQuartz/reviews/hmt-janata-140176-review-1393)","10,5 мм (https://www.watchcrunch.com/ofQuartz/reviews/hmt-janata-140176-review-1393)","40,9 мм (https://theindianwatchguy.wordpress.com/2020/12/23/the-hmt-kohinoor/)","HMT 0231, ручной завод, 17 камней (https://theindianwatchguy.wordpress.com/2020/12/23/the-hmt-kohinoor/)",under_300,contrarian,смеш.,nos_stock,hmt.md
Luch,139,Luch One-hand 71950990,"37,6 мм (https://luch.by/en/kollektsii/odnostrelochnik/71950990/)","10,2 мм (https://luch.by/en/kollektsii/odnostrelochnik/71950990/)",около 45 мм (https://luch.by/en/kollektsii/odnostrelochnik/71950990/),"Luch 1801.1Н, ручной завод, 15 камней (https://luch.by/en/kollektsii/odnostrelochnik/71950990/)",under_300,evergreen,смеш.,active,luch.md
Luch,139,Luch One-hand NEW 71950540,"37,6 мм (https://luch.by/en/kollektsii/odnostrelochnik/71950540/)",11 мм (https://luch.by/en/kollektsii/odnostrelochnik/71950540/),около 45 мм (https://luch.by/en/kollektsii/odnostrelochnik/71950540/),"Luch 1801.1Н, ручной завод, 15 камней (https://luch.by/en/kollektsii/odnostrelochnik/71950540/)",under_300,evergreen,смеш.,active,luch.md
Luch,139,Luch Classic 76730567,около 40 мм (https://tempus.ru/catalog/watches/luch/luch_classic/luch_76730567/),13 мм (https://tempus.ru/catalog/watches/luch/luch_classic/luch_76730567/),около 48 мм (https://tempus.ru/catalog/watches/luch/luch_classic/luch_76730567/),"Ronda, Швейцария, кварц; калибр не указан (https://luch.by/en/kollektsii/classic/)",under_300,evergreen,смеш.,active,luch.md
Slava,140,"Heritage/Tradition, 2427",≈38 мм,≈11–13 мм,≈45–48 мм,Slava 2427 (https://slava.su/blog/mehanizm-2427-slava-legenda-sssr/),under_300,contrarian,смеш.,active,slava.md
Slava,140,Sadko/Amphibia-adjacent,≈40–42 мм,≈12–14 мм,≈48–51 мм,данные отсутствуют,under_300,contrarian,смеш.,active,slava.md
Slava,140,Tradition/Business dress,≈36–39 мм,≈10–13 мм,≈43–47 мм,данные отсутствуют,under_300,contrarian,смеш.,active,slava.md
Молния (Molnija),141,"Карманная Молния 3602, советский оригинал",≈50,≈13,не применимо (карманный корпус),"Molnija 3602, ручной; база конструкции Cortebert 616",under_300,evergreen,смеш.,nos_stock,molnija.md
Молния (Molnija),141,"Марьяж 3602, наручная переделка",≈44–52,≈12–16,≈52–62,донор Molnija 3602; корпус и сборка сторонние,300_500,contrarian,смеш.,nos_stock,molnija.md
Молния (Molnija),141,Automatic 40 mm Flightwatch / Pilot 2824,40,11,≈47,"автоматический калибр 2824, внешняя швейцарская ébauche",500_1k,contrarian,смеш.,nos_stock,molnija.md
Златоустовский часовой завод / Агат,142,"192-ЧС, современная сталь",60,17,≈76,"Vostok 2409A, ручной, внешний калибр",500_1k,evergreen,смеш.,active,agat-zlatoust.md
Златоустовский часовой завод / Агат,142,"191-ЧС Vodolaz, винтажный оригинал",60,≈17,≈76,советский ручной механизм; конкретный калибр проверять по экземпляру,1k_2k,contrarian,смеш.,active,agat-zlatoust.md
Златоустовский часовой завод / Агат,142,"Кристалл, декоративная линия",≈46,≈15,≈55,«механизм Агат»,2k_5k,insider_hype,оц.класс,active,agat-zlatoust.md
Vostok Europe,143,Almaz Space Station Automatic,47,≈15,≈54,Seiko/TMI NH35 automatic,500_1k,evergreen,оц.класс,active,vostok-europe.md
Vostok Europe,143,Lunokhod YM86-620A636,49,17.5,56.6,"S.Epson YM86 quartz, Japan",1k_2k,insider_hype,смеш.,active,vostok-europe.md
Vostok Europe,143,Anchar Automatic,48,≈17,≈56,Seiko/TMI NH25 либо NH35 по поколению,1k_2k,contrarian,смеш.,active,vostok-europe.md
Wempe Chronometerwerke,144,Zeitmeister Classic World Time,≈42,≈12,≈50,"ETA/Sellita-based automatic, модуль и отделка Wempe",2k_5k,evergreen,оц.класс,active,wempe-chronometerwerke.md
Wempe Chronometerwerke,144,"Marine Quartz Chronometer 10057, настольный",≈152 корпус,≈75,не применимо (настольный прибор),высокоточный кварцевый морской механизм,2k_5k,contrarian,оц.класс,active,wempe-chronometerwerke.md
Wempe Chronometerwerke,144,Chronometerwerke Automatic WG090002,≈41,≈11,≈49,фирменный автоматический калибр CW; происхождение базы раскрыто не полностью,5k_10k,contrarian,смеш.,active,wempe-chronometerwerke.md
Union Glashütte,145,Belisar Chronograph Sport,43,14.65,≈51,"UNG-27.S1, Valjoux 7750 architecture",2k_5k,evergreen,смеш.,active,union-glashutte.md
Union Glashütte,145,Noramis Date,40,10.4,≈47,"UNG-07.S1, ETA A31-derived",2k_5k,evergreen,смеш.,active,union-glashutte.md
Union Glashütte,145,1893 Johannes Dürrstein Double Moon Phase,≈41,≈12,≈49,"UNG-58.S1, ETA/Unitas-derived ручной с фирменным модулем",5k_10k,insider_hype,оц.класс,active,union-glashutte.md
Bruno Söhnle,146,Stuttgart Automatik II Big,42,10.8,≈49,"BS175, база Sellita SW200",1k_2k,evergreen,смеш.,active,bruno-sohnle.md
Bruno Söhnle,146,Algebra Limited Edition,≈34,≈7,≈40,"швейцарский Ronda quartz, доработка BS",1k_2k,contrarian,оц.класс,active,bruno-sohnle.md
Bruno Söhnle,146,Pesaro II Quartz,43,≈8,≈50,"Ronda 7003.L quartz, refined in Glashütte",1k_2k,evergreen,смеш.,active,bruno-sohnle.md
MeisterSinger,147,No.01,43,≈11.5,≈51,"Sellita SW210, ручной",2k_5k,evergreen,оц.класс,active,meistersinger.md
MeisterSinger,147,Salthora Meta,43,≈13,≈51,ETA 2824-2 base + собственный jump-hour module,2k_5k,contrarian,оц.класс,active,meistersinger.md
MeisterSinger,147,Circularis MSH01,43,≈12,≈51,"MSH01, bespoke совместная разработка со швейцарским партнёром",5k_10k,insider_hype,смеш.,active,meistersinger.md
Schaumburg Watch,148,AQM 4 1/2,≈45,≈15,≈54,ETA/Sellita automatic с фирменной модификацией,2k_5k,contrarian,оц.класс,active,schaumburg-watch.md
Schaumburg Watch,148,Gnomonik,≈42,≈12,≈50,ETA/Sellita automatic,2k_5k,insider_hype,оц.класс,active,schaumburg-watch.md
Schaumburg Watch,148,MooN Grand Perpetual / Grand Guilloché,≈43,≈14,≈52,ETA/Sellita base + Schaumburg perpetual moon module,5k_10k,insider_hype,оц.класс,active,schaumburg-watch.md
Kudoke,149,HANDwerk Kudoke 1,39,9.5,≈46,"Kudoke Kaliber 1; Habring² co-development, Valjoux 7750 gear-train architecture, сборка/отделка Kudoke",10k_15k,insider_hype,смеш.,active,kudoke.md
Kudoke,149,HANDwerk Kudoke 2,39,10.7,≈46,"Kudoke Kaliber 1 24H; Habring² co-development, сборка/отделка Kudoke",15k_plus,insider_hype,смеш.,active,kudoke.md
Kudoke,149,KUNSTwerk Real Skeleton HS1,41,9.3,≈49,"глубоко переработанная ébauche, ручная скелетонизация и гравировка",15k_plus,contrarian,смеш.,active,kudoke.md
Lang & Heyne,150,Friedrich III Manufaktur Edition,39.2,10.65,≈47,"in-house Calibre VI, ручной",15k_plus,insider_hype,смеш.,waitlist,lang-heyne.md
Lang & Heyne,150,Georg,40×32,9.4,≈40,"in-house Calibre VIII, ручной",15k_plus,insider_hype,смеш.,waitlist,lang-heyne.md
Lang & Heyne,150,Anton Tourbillon,40×32,≈10.5,≈40,"in-house Calibre IX tourbillon, ручной",15k_plus,insider_hype,смеш.,waitlist,lang-heyne.md
Moritz Grossmann,151,Benu Power Reserve,41,11.65,≈49.5,"100.2, ручной; 42 ч; 18 000 пк/ч",15k_plus,evergreen,смеш.,revived,moritz-grossmann.md
Moritz Grossmann,151,Atum Pure,41,11.35,≈49.5,"201.0, ручной; 42 ч; 18 000",15k_plus,contrarian,смеш.,revived,moritz-grossmann.md
Moritz Grossmann,151,Tefnut Silver-Plated by Friction,39,8.5,≈46.5,"102.1, ручной; 48 ч; 21 600",15k_plus,insider_hype,смеш.,revived,moritz-grossmann.md
Sarpaneva / S.U.F Helsinki,152,S.U.F Helsinki 180 N/NN,38.7,9.4,46.4,"Soprod A10, автомат; 42 ч; 28 800",2k_5k,contrarian,смеш.,active,sarpaneva.md
Sarpaneva / S.U.F Helsinki,152,Sarpaneva Korona K3 Northern Stars,44,≈10.2,≈50,"Soprod A10, автомат; 42 ч; 28 800",15k_plus,contrarian,смеш.,active,sarpaneva.md
Sarpaneva / S.U.F Helsinki,152,Sarpaneva Lunations,42,9.8,≈48,"Moonment, ручной; 60 ч; 21 600",15k_plus,insider_hype,смеш.,active,sarpaneva.md
Habring²,153,Erwin,38.5,9,≈46,"A11S, ручной jumping seconds; 48 ч; 28 800",5k_10k,evergreen,смеш.,active,habring.md
Habring²,153,Doppel-Felix,38.5,≈12,≈46,"A11R, ручной раттрапант; 48 ч; 28 800",10k_15k,evergreen,смеш.,active,habring.md
Habring²,153,Foudroyante-Felix,38.5,≈10.5,≈46,"A11F, ручной deadbeat+1/8 с; 45–48 ч; 28 800",10k_15k,insider_hype,смеш.,active,habring.md
D. Dornblüth & Sohn,154,Calibre 99.1-M,40,10,49.5,"99.1, ручной; 50 ч; 18 000",5k_10k,evergreen,смеш.,waitlist,dornbluth.md
D. Dornblüth & Sohn,154,Calibre 99.2-M Power Reserve,40,10,≈49.5,"99.2, ручной; 50 ч; 18 000",10k_15k,contrarian,смеш.,waitlist,dornbluth.md
D. Dornblüth & Sohn,154,Quintus 2010.2,38.5,10,≈47,"Quintus, ручной; ≈52 ч; 18 000",15k_plus,insider_hype,смеш.,waitlist,dornbluth.md
Greubel Forsey,155,Double Tourbillon 30° Edition Historique,44.5,≈15.8,≈52,ручной двойной турбийон; 72 ч; 21 600,15k_plus,contrarian,смеш.,active,greubel-forsey.md
Greubel Forsey,155,Quadruple Tourbillon,43.5,16.11,≈51,"ручной, 531 деталь; 50 ч; 21 600",15k_plus,insider_hype,смеш.,active,greubel-forsey.md
Greubel Forsey,155,Hand Made 1,43.5,13.5,≈50.5,ручной турбийон; 60 ч; 21 600,15k_plus,insider_hype,смеш.,active,greubel-forsey.md
Philippe Dufour,156,Simplicity,34/37,≈11,≈42/45,"cal. 11, ручной; ≈45 ч; 18 000",15k_plus,insider_hype,смеш.,vintage_only,philippe-dufour.md
Philippe Dufour,156,Duality,34,≈11,≈42,"ручной, двойной спуск; ≈42 ч; 18 000",15k_plus,insider_hype,смеш.,vintage_only,philippe-dufour.md
Philippe Dufour,156,Grande et Petite Sonnerie,≈39,≈14,≈47,ручной бой; запас не опубликован,15k_plus,insider_hype,смеш.,vintage_only,philippe-dufour.md
Roger W. Smith,157,Series 2,40,≈13,≈48,"ручной, co-axial; 36 ч; 18 000",15k_plus,insider_hype,смеш.,waitlist,roger-w-smith.md
Roger W. Smith,157,Series 4,41,≈13.5,≈49,"ручной, co-axial; ≈36 ч; 18 000",15k_plus,insider_hype,смеш.,waitlist,roger-w-smith.md
Roger W. Smith,157,Series 5 Open Dial,38,14.5,≈46,"ручной, открытый co-axial; ≈36 ч; 18 000",15k_plus,insider_hype,смеш.,waitlist,roger-w-smith.md
Romain Gauthier,158,Logical One,43,≈15,≈50,ручной chain-and-snail; 46 ч; 28 800,15k_plus,evergreen,смеш.,active,romain-gauthier.md
Romain Gauthier,158,Insight Micro-Rotor,39.5,12.9,≈47,"автомат, 22K micro-rotor; 80 ч; 28 800",15k_plus,insider_hype,смеш.,active,romain-gauthier.md
Romain Gauthier,158,Continuum Titanium,41,9.55,≈48,ручной; 60 ч; 28 800,15k_plus,contrarian,смеш.,active,romain-gauthier.md
Grönefeld,159,Parallax Tourbillon,43,12.5,≈51,ручной flying tourbillon; 72 ч; 21 600,15k_plus,insider_hype,смеш.,waitlist,gronefeld.md
Grönefeld,159,1941 Remontoire,39.5,10.5,≈47.5,ручной 8-sec remontoire; 35 ч; 21 600,15k_plus,insider_hype,смеш.,waitlist,gronefeld.md
Grönefeld,159,1941 Principia,39.5,10.5,≈47.5,"автомат, 22K ротор; 56 ч; 21 600",15k_plus,insider_hype,смеш.,waitlist,gronefeld.md
Ressence,160,Type 1 Slim,42,11,≈46,"ROCS 1.3 + ETA 2892, автомат; 36 ч; 28 800",15k_plus,evergreen,смеш.,active,ressence.md
Ressence,160,Type 3,44,15,≈48,ROCS 3.6 + ETA 2824/2; 36 ч; 28 800,15k_plus,insider_hype,смеш.,active,ressence.md
Ressence,160,Type 5,46,15.5,≈50,ROCS 5 + ETA 2824/2; 36 ч; 28 800,15k_plus,contrarian,смеш.,active,ressence.md
Trilobe,161,[Nuit Fantastique](https://trilobe.com/us/collections/nuit-fantastique/grained-silver/),38.5/40.5,9.2,45.5/48 мм,"X-Centric, автомат, микроротор; 48 ч; 4 Гц",5k_10k,insider_hype,смеш.,active,trilobe.md
Trilobe,161,[Les Matinaux](https://trilobe.com/us/collections/les-matinaux/),38.5/40.5,≈9.2,45.5/48 мм,X-Centric; 48 ч; 4 Гц,5k_10k,contrarian,смеш.,active,trilobe.md
Trilobe,161,[Une Folle Journée](https://trilobe.com/collections/une-folle-journee/),40.5,≈17.8,48 мм,X-Centric; 48 ч; 4 Гц,15k_plus,insider_hype,смеш.,active,trilobe.md
Singer Reimagined,162,Track1,43,≈15,≈49 мм,AgenGraphe 6361; 55 ч; 3 Гц,15k_plus,contrarian,смеш.,active,singer-reimagined.md
Singer Reimagined,162,[Divetrack](https://watchesbysjx.com/2024/04/02),49,19.67,≈54 мм,"AgenGraphe, 24-часовой центральный хронограф; 72 ч; 3 Гц",15k_plus,insider_hype,смеш.,active,singer-reimagined.md
Singer Reimagined,162,Flytrack,43,≈14.5,≈49 мм,Agenhor flyback central seconds; 60 ч; 4 Гц,15k_plus,contrarian,оц.класс,active,singer-reimagined.md
Byrne Watch,163,[Gyro Dial 311 Zero](https://en.byrnewatch.com/byrne-gyro-dial-311-zero),41,14.7,≈48 мм,"5555 автомат, 42 камня; 60 ч; 4 Гц",15k_plus,insider_hype,смеш.,active,byrne-watch.md
Byrne Watch,163,Gyro Dial Escape,≈41,≈14.7,≈48 мм,5555 с Gyro Dial; 60 ч; 4 Гц,15k_plus,insider_hype,оц.класс,active,byrne-watch.md
Byrne Watch,163,Papillon,≈41,≈14,≈48 мм,автоматический proprietary display; ≈60 ч; ≈4 Гц,15k_plus,contrarian,оц.класс,active,byrne-watch.md
HYT,164,H0,≈48.8,≈18.7,≈52 мм,"101, ручной; 65 ч; 4 Гц",15k_plus,contrarian,смеш.,active,hyt.md
HYT,164,H20,≈51 × 48,≈19,≈53 мм,"201 Renaud & Papi, ручной; 8 дней; ≈3 Гц",15k_plus,contrarian,смеш.,active,hyt.md
HYT,164,Hastroid / Moon Runner,"48 × 52,3","толщина 13,3 мм Hastroid / 17,2 мм Moon Runner","L2L 52,3 мм (https://timeandtidewatches.com/introducing-the-hyt-hastroid-is-like-an-alien-spaceship-for-the-wrist-in-a-good-way/)",501 CM / 601 MO; 72 ч у Moon Runner; 4 Гц,15k_plus,insider_hype,смеш.,active,hyt.md
Hautlence,165,HL,≈43.5 × 37,≈12,≈50 мм,HL proprietary module / ETA base; ≈40 ч; ≈4 Гц,15k_plus,contrarian,смеш.,active,hautlence.md
Hautlence,165,HLRQ,≈43.5 × 37,≈12,≈50 мм,"ретроградный модуль, прыгающий час; ≈40 ч; ≈4 Гц",15k_plus,contrarian,оц.класс,active,hautlence.md
Hautlence,165,[Vortex](https://monochrome-watches.com/hautlence-vortex-bronze-extreme-high-end-goes-bronze-well-live-photos-specs-price/),52 × 50,17.8,52 мм,"HLR2 автомат, 552 детали; 40 ч; 2.5 Гц",15k_plus,contrarian,смеш.,active,hautlence.md
Jacob & Co.,166,Astronomia (семейство),≈50,≈25,≈55 мм,"JCAM10/варианты, ручной, rotating platform/3-axis tourbillon; ≈60 ч; 3 Гц",15k_plus,insider_hype,смеш.,active,jacob-and-co.md
Jacob & Co.,166,Epic X Skeleton 44,44,≈13.5,≈50 мм,"JCAM02, ручной; 48 ч; 4 Гц",15k_plus,macro_trend,смеш.,active,jacob-and-co.md
Jacob & Co.,166,Bugatti Chiron Tourbillon,≈55 × 44,≈20,≈55 мм,"JCAM37, ручной, 30° tourbillon + W16 automaton; 60 ч; ≈3 Гц",15k_plus,speculative_bubble,смеш.,active,jacob-and-co.md
Franck Muller,167,Vanguard V45,≈53.7 × 44,≈12.8,53.7 мм,FM 0800 / ETA-derived автомат по версии; ≈42 ч; 4 Гц,15k_plus,macro_trend,смеш.,active,franck-muller.md
Franck Muller,167,Cintrée Curvex Crazy Hours,5850 ≈45 × 32,≈11.8,45 мм,автомат + прыгающий час; ≈42 ч; 4 Гц,15k_plus,evergreen,смеш.,active,franck-muller.md
Franck Muller,167,Aeternitas Mega / Aeternitas 3,≈61 × 42,≈19,≈61 мм,мануфактурный grande complication; ≈3 дня; 2.5–3 Гц,15k_plus,contrarian,смеш.,active,franck-muller.md
Roger Dubuis,168,[Excalibur Double Flying Tourbillon](https://www.rogerdubuis.com/sg-en/watches/excalibur/double-tourbillon-white-gold-45mm-rddbex1131),45,14.66,≈52 мм,"RD108, ручной, 2 flying tourbillons; 72 ч; 3 Гц",15k_plus,insider_hype,смеш.,active,roger-dubuis.md
Roger Dubuis,168,Excalibur Spider Huracán,45,≈14,≈52 мм,RD630 автомат; 60 ч; 4 Гц,15k_plus,macro_trend,смеш.,active,roger-dubuis.md
Roger Dubuis,168,Monovortex Split-Seconds Chronograph,≈47,≈17,≈54 мм,"RD114, автомат, vertical tourbillon + rattrapante; ≈60 ч; ≈4 Гц",15k_plus,insider_hype,оц.класс,active,roger-dubuis.md
Gerald Charles,169,[Maestro 2.0 Ultra-Thin](https://www.geraldcharles.com/products/maestro-2-0-ultra-thin-green),41.7 × 39,8.7,41.7 мм,"GCA2000 автомат, double barrel; 50 ч; 4 Гц",15k_plus,macro_trend,смеш.,active,gerald-charles.md
Gerald Charles,169,Maestro GMT,41.7 × 39,≈11,41.7 мм,автомат GMT; ≈50 ч; 4 Гц,15k_plus,insider_hype,оц.класс,active,gerald-charles.md
Gerald Charles,169,Maestro 8.0 Squelette,41.7 × 39 (часть листингов 45),≈9,41.7 мм,GCA5482 skeleton автомат; ≈50 ч; 4 Гц,15k_plus,insider_hype,смеш.,active,gerald-charles.md
Daniel Roth,170,Tourbillon Souscription (2023 revival),38.6 × 35.5,≈9.2,38.6 мм,DR001 ручной tourbillon; ≈80 ч; ≈3 Гц,15k_plus,insider_hype,смеш.,revived,daniel-roth.md
Daniel Roth,170,"Papillon / Le Sentier (Bulgari era, 2000–2015)",≈44 × 41,≈12,≈44 мм,Bulgari-era proprietary module / supplied base по ref.; ≈42–48 ч; ≈4 Гц,15k_plus,contrarian,смеш.,revived,daniel-roth.md
Daniel Roth,170,[Extra Plat](https://www.danielroth.com/watch/extraplat/extraplat-souscription/) (2025–2026 revival),38.6 × 35.5,7.7,38.6 мм,DR002 ручной; 65 ч; 4 Гц,15k_plus,insider_hype,смеш.,revived,daniel-roth.md
Gérald Genta (Brand),171,Arena Bi-Retro Sport,43,12,≈50,"Bulgari BVL 300, автомат",15k_plus,insider_hype,смеш.,revived,gerald-genta-brand.md
Gérald Genta (Brand),171,Gefica Safari,46.5,≈15,≈54,"GG 1004 на базе GP3100, автомат",15k_plus,contrarian,смеш.,revived,gerald-genta-brand.md
Gérald Genta (Brand),171,Retro Fantasy Mickey Mouse / Arena Mickey ref. 103613,41,11.85,≈47,"BVL 262, автомат, jumping hour/retrograde minutes",15k_plus,insider_hype,смеш.,revived,gerald-genta-brand.md
ArtyA,172,Son of a Gun Believer 1,47,≈16,≈53,"ArtyA A17, автомат",5k_10k,contrarian,смеш.,active,artya.md
ArtyA,172,Purity Tourbillon,46,≈15,≈50,"PUR-T1, ручной, flying tourbillon",15k_plus,insider_hype,смеш.,active,artya.md
ArtyA,172,Tiny Purity Tourbillon,39,≈14,≈44,"PUR-T2, ручной, flying tourbillon",15k_plus,insider_hype,смеш.,active,artya.md
Louis Moinet,173,Memoris Spirit,40.7,≈15,≈49,"LM84 с Concepto, автомат, column wheel",15k_plus,insider_hype,смеш.,active,louis-moinet.md
Louis Moinet,173,Space Revolution,43.5 база / 41.6 сапфир,≈18,≈52,"LM104, ручной, double flying tourbillon",15k_plus,insider_hype,смеш.,active,louis-moinet.md
Louis Moinet,173,Cosmopolis,40.7,≈14,≈49,"LM135, ручной flying tourbillon",15k_plus,insider_hype,смеш.,active,louis-moinet.md
L'Epée 1839,174,Time Machine,257×220×210,не применимо (габарит объекта 210 мм по третьей оси),не применимо (настольный объект),"L’Epée 1855, ручной",15k_plus,insider_hype,смеш.,active,lepee-1839.md
L'Epée 1839,174,Hot Balloon,"высота 310, диаметр 172",не применимо (габарит корзины 80 мм),не применимо (настольный объект),механический L’Epée; точный калибр не опубликован,15k_plus,insider_hype,смеш.,active,lepee-1839.md
L'Epée 1839,174,Duet,265×370×105,не применимо (габарит объекта 105 мм по третьей оси),не применимо (настольный объект),механический часы+бой+music box; калибр не раскрыт,15k_plus,contrarian,смеш.,active,lepee-1839.md
Alain Silberstein,175,Louis Erard x Alain Silberstein Le Régulateur,40,≈11.6,≈47,"Sellita SW266-1, автомат",2k_5k,insider_hype,смеш.,revived,alain-silberstein.md
Alain Silberstein,175,Krono Bauhaus,≈40,15,≈45,"Valjoux 7751 или Lemania 5100, автомат",5k_10k,contrarian,смеш.,revived,alain-silberstein.md
Alain Silberstein,175,Bolido,32×45,12.2–13,45–47.7,BA133 / F. Piguet 1185 / ETA 2892-A2 по версии,5k_10k,contrarian,смеш.,revived,alain-silberstein.md
Ikepod,176,Megapod Automatic,46,17–18.25,46,"Miyota 9039, автомат",1k_2k,macro_trend,смеш.,active,ikepod.md
Ikepod,176,Seaslug GMT,39,≈16,≈44,"ETA 2893-2, автомат GMT",5k_10k,contrarian,смеш.,active,ikepod.md
Ikepod,176,Hemipod gen3 HE00/HE10,44,18,44,"Arola C3IKE/ETA 7750, автоматический хронограф",5k_10k,insider_hype,смеш.,active,ikepod.md
DeWitt,177,Twenty-8-Eight Second Retro,43,≈11,≈50,автомат с модулем ретроградной секунды,10k_15k,contrarian,смеш.,active,dewitt.md
DeWitt,177,Academia Endless Drive,42.5,12.85,≈50,"DW1653, автомат, in-house",15k_plus,contrarian,смеш.,active,dewitt.md
DeWitt,177,Concept Watch N°3 X-Watch,49,"21,8 (https://www.watchonista.com/dewitt/watches/concept-watch-n3-x-watch)",≈58,"DW8046, автомат, tourbillon/chrono/dual retrograde",15k_plus,contrarian,смеш.,active,dewitt.md
Claude Meylan,178,Tortue Swirls,40×40,11,≈48,"165CM14 на базе Unitas, ручной, skeleton",2k_5k,contrarian,смеш.,active,claude-meylan.md
Claude Meylan,178,Hirondelle,≈40,≈11,≈47,скелетонизированный швейцарский ébauche,5k_10k,contrarian,оц.класс,active,claude-meylan.md
Claude Meylan,178,Légende 69,31,≈12,≈38,"Valjoux 69 NOS, ручной column-wheel chrono",15k_plus,contrarian,смеш.,active,claude-meylan.md
Armand Nicolet,179,MHA Automatic A840HAA,41–42,12–14,≈49,"AN200 на базе Sellita SW200, автомат",2k_5k,contrarian,смеш.,active,armand-nicolet.md
Armand Nicolet,179,JS9-41 Diver,41,13,47,"AN200/Sellita SW200, автомат",2k_5k,evergreen,смеш.,active,armand-nicolet.md
Armand Nicolet,179,S05 Complete Calendar / Chronograph,44,13.6–15.5,≈52,AN/ETA 2824-2 с модулем либо Valjoux 7751 по версии,5k_10k,contrarian,смеш.,active,armand-nicolet.md
Mathey-Tissot,180,Edmond Metal H1886QAS,42,≈11,≈49,швейцарский кварц; точный калибр версии не раскрыт,500_1k,contrarian,смеш.,active,mathey-tissot.md
Mathey-Tissot,180,Rolly Vintage Automatic H901ATLV,40,12.6,≈47,"Sellita SW200-1, автомат",500_1k,contrarian,смеш.,active,mathey-tissot.md
Mathey-Tissot,180,Type 21 Chrono Automatic H1821CHATLNO,42,16,≈50,"Landeron 77, автомат, day-date chrono",1k_2k,contrarian,смеш.,active,mathey-tissot.md
Delma,181,Shell Star Titanium 41,41,13.6,≈48,Sellita SW200-1 automatic,1k_2k,evergreen,смеш.,active,delma.md
Delma,181,Cayman Automatic,42,13.3,≈49,Sellita SW200 automatic,1k_2k,evergreen,смеш.,active,delma.md
Delma,181,Blue Shark IV,47,20,55,Sellita SW200-1 automatic,2k_5k,contrarian,смеш.,active,delma.md
Davosa,182,Ternos Ceramic 40,40,≈12.5,≈48,"DAV 3021 automatic, внешняя Swiss ébauche",1k_2k,evergreen,смеш.,active,davosa.md
Davosa,182,Argonautic 39,39.5,12.4,47,DAV 3021 automatic,1k_2k,evergreen,смеш.,active,davosa.md
Davosa,182,Newton Pilot Automatic,40,11.6,49,DAV 3021ND automatic,1k_2k,contrarian,смеш.,active,davosa.md
Steinhart,183,Ocean One 39,39,≈12,≈47,Sellita SW200-1 Elaboré,500_1k,evergreen,смеш.,active,steinhart.md
Steinhart,183,Ocean One Titanium 500 Premium,42,≈13,≈51,Sellita SW300 Elaboré Premium,500_1k,contrarian,смеш.,active,steinhart.md
Steinhart,183,Nav B-Uhr 44 Titan B-Muster,44,≈14.2,≈52,Sellita SW200-1 automatic,500_1k,evergreen,смеш.,active,steinhart.md
Archimede,184,Pilot 42 Automatic,42,≈10,≈50,ETA 2824-2 / Sellita SW200 по поколению,1k_2k,evergreen,смеш.,active,archimede.md
Archimede,184,OutDoor 41 AntiMag Titan,41.3,11.2,46.5,Sellita SW200-1 automatic,1k_2k,contrarian,смеш.,active,archimede.md
Archimede,184,SportTaucher,41.5,12,≈48,Sellita SW200-1 automatic,1k_2k,contrarian,смеш.,active,archimede.md
Guinand,185,Series 40,40.7,15.7,48.7,Sellita SW500 automatic chronograph,2k_5k,evergreen,смеш.,active,guinand.md
Guinand,185,Werksfahrer Chrono 1,40.5,14.9,44.3,Sellita SW510 automatic chronograph,2k_5k,insider_hype,смеш.,active,guinand.md
Guinand,185,Flieger Chrono,40.7,15.7,48.7,Sellita SW510 automatic chronograph,2k_5k,contrarian,смеш.,active,guinand.md
Limes,186,Endurance GMT,41.5,12.5,50,ETA 2893-2 Elaboré automatic GMT,1k_2k,contrarian,смеш.,active,limes.md
Limes,186,Neptun,41.5,12.5,50,Sellita SW200-1 automatic,1k_2k,contrarian,смеш.,active,limes.md
Limes,186,Pharo Chronograph,40.5,14.3,≈48,"ETA 7751 TOP automatic, полный календарь/луна",2k_5k,contrarian,смеш.,active,limes.md
Nivrel,187,N-Series Deep Ocean,43,13.5,≈51,ETA 2824-2 automatic,500_1k,insider_hype,смеш.,active,nivrel.md
Nivrel,187,Replique Aviateur II,40,10,≈47,ETA 2824-2 automatic,1k_2k,contrarian,смеш.,active,nivrel.md
Nivrel,187,Héritage Automatique,40,10,≈47,ETA 2824-2 automatic,1k_2k,contrarian,смеш.,active,nivrel.md
Alexander Shorokhoff,188,Avantgarde Babylonia II,47,11.5,≈52,"2609.AS hand-wound, база Poljot 2609",2k_5k,contrarian,смеш.,active,alexander-shorokhoff.md
Alexander Shorokhoff,188,Levels,46.5,≈13,≈53,2671.AS automatic,2k_5k,insider_hype,смеш.,active,alexander-shorokhoff.md
Alexander Shorokhoff,188,Chronograph 1 / Chrono C01,43.5,13.6,≈50.5,3133.AS hand-wound chronograph,2k_5k,contrarian,смеш.,active,alexander-shorokhoff.md
Poljot International,189,Chronograph 3133 NOS 1992,40,12,46,Poljot 3133 hand-wound,300_500,macro_trend,смеш.,active,poljot-international.md
Poljot International,189,Aviator 3105,45,≈13,≈52,"Poljot 3105 hand-wound, NOS",500_1k,contrarian,смеш.,active,poljot-international.md
Poljot International,189,Basilika Chronograph,44,14,≈51,Poljot 3133 hand-wound,500_1k,macro_trend,смеш.,active,poljot-international.md
Чайка / Заря / Электроника,190,Заря G5241401,42,13,≈49,данные отсутствуют,under_300,contrarian,смеш.,active,chaika-zarya-elektronika.md
Чайка / Заря / Электроника,190,Чайка Злата,≈18–24,≈6–8,≈24–30,данные отсутствуют,500_1k,contrarian,смеш.,active,chaika-zarya-elektronika.md
Чайка / Заря / Электроника,190,Электроника-1 Б6-03,≈37×41–44 (https://www.etsy.com/listing/4535197347/vintage-soviet-led-watch-electronika-1),≈14,не применимо (интегрированный корпус без стандартных ушек); фактический продольный габарит корпуса ≈41–44 мм (https://nostalgia.su/chasi-elektronika1-terminator-b6.03-sssr-v-redchayshem-sostoyanii-s-rodnoy-komplektaciey-novie-s-hraneniya/),советский LED-модуль 3049/вариант по выпуску,500_1k,macro_trend,смеш.,active,chaika-zarya-elektronika.md
Venezianico,191,Nereide 42 ref.3321504C,42,≈13.0,49,Seiko NH35A; 41; 3 Гц,500_1k,macro_trend,смеш.,active,venezianico.md
Venezianico,191,Redentore 40 ref.1221507C,40,12.7,48,Seiko NH35A; 41; 3 Гц,500_1k,evergreen,смеш.,active,venezianico.md
Venezianico,191,Bucintoro 42 ref.8221510C,42,≈13.6 с стеклом,49,Seiko NE88A; 45; 4 Гц,1k_2k,insider_hype,смеш.,active,venezianico.md
Meccaniche Veloci,192,Due Valvole DueTempi W125K188,44,≈16,≈52,2× ETA 2671; ≈38; 4 Гц,2k_5k,contrarian,смеш.,active,meccaniche-veloci.md
Meccaniche Veloci,192,QuattroValvole 49 MV8802,49,≈18,≈57,MV8802; 48; 4 Гц,10k_15k,contrarian,смеш.,active,meccaniche-veloci.md
Meccaniche Veloci,192,Icon 49 MV8802,49,≈18,≈57,MV8802; 48; 4 Гц,10k_15k,contrarian,смеш.,active,meccaniche-veloci.md
Gorilla Watches,193,Fastback GT Modena,44,13,≈57,Miyota 90S5; 42; 4 Гц,1k_2k,contrarian,смеш.,active,gorilla-watches.md
Gorilla Watches,193,Fastback GT Bandit FBY6.0,44,13,≈56,Miyota 90S5; 42; 4 Гц,1k_2k,contrarian,смеш.,active,gorilla-watches.md
Gorilla Watches,193,Fastback Drift Safari,44,≈14,57,ETA 2824-2 + Vaucher G-5238; 38–42; 4 Гц,2k_5k,insider_hype,смеш.,active,gorilla-watches.md
Dietrich,194,Organic Time OT-1,46×48,13.7–14.5,48,Miyota 82S7; ≈42; 3 Гц,1k_2k,contrarian,смеш.,active,dietrich.md
Dietrich,194,Organic Time OT-3,46×48,13.7,48,Miyota 82S7; ≈42; 3 Гц,1k_2k,contrarian,смеш.,active,dietrich.md
Dietrich,194,SD-1 Pacific Blue,38.5,12.0–12.1,45.5–46.2,Sellita SW200; 38; 4 Гц,1k_2k,insider_hype,смеш.,active,dietrich.md
SevenFriday,195,M-Series M2/02,47×47.6,≈14.3,47.6,Miyota 8215; 40; 3 Гц,1k_2k,contrarian,смеш.,active,sevenfriday.md
SevenFriday,195,P-Series P1B/01,47×47.6,≈13,47.6,Miyota 82S7; 40; 3 Гц,1k_2k,contrarian,смеш.,active,sevenfriday.md
SevenFriday,195,Q-Series Q2/03 Choo-Choo,44.3×49.7,≈14,49.7,Miyota 8219; 40; 3 Гц,1k_2k,contrarian,смеш.,active,sevenfriday.md
REC Watches,196,Mark I M1 Mini Cooper,44.3,11.5–13,≈50,TMI VK64 или Miyota OS21 quartz по версии; ≈3 года батарея,300_500,contrarian,смеш.,active,rec-watches.md
REC Watches,196,P51-01 Mustang,44×44,13.8 overall,50.6 overall,Miyota 9130; 48; 4 Гц,1k_2k,insider_hype,смеш.,active,rec-watches.md
REC Watches,196,RJM Spitfire,41,≈10.9,≈48,Miyota 9015; 42; 4 Гц,1k_2k,insider_hype,смеш.,active,rec-watches.md
Shinola Detroit,197,Detrola 41,41,10.85,≈48,Argonite 705 quartz; батарея ≈3 года,300_500,macro_trend,смеш.,active,shinola.md
Shinola Detroit,197,Runwell 41,41,10.1,≈49,Argonite 1069 quartz (Ronda-base); батарея ≈4 года,500_1k,evergreen,смеш.,active,shinola.md
Shinola Detroit,197,Monster Automatic Lake Ontario 39,39,≈13,≈47,Sellita SW200-2; ≈65; 4 Гц,2k_5k,contrarian,смеш.,active,shinola.md
Vaer,198,C5 Field 40 USA Quartz,40,9.6,48,Ronda 715 quartz; батарея ≈5 лет,300_500,macro_trend,смеш.,active,vaer.md
Vaer,198,D5 Dive 39 USA Auto,39,12.5 с кристаллом,46,Miyota 9015; 42; 4 Гц,500_1k,macro_trend,смеш.,active,vaer.md
Vaer,198,A5 Meridian/Field 40 Auto,40,9.7–11,48,Miyota 9039/9015 по версии; 42; 4 Гц,500_1k,evergreen,смеш.,active,vaer.md
Boldr Supply Co.,199,Venture Carbon Black,38,12,≈44,Seiko/TMI NH38A; 41; 3 Гц,300_500,macro_trend,смеш.,active,boldr.md
Boldr Supply Co.,199,Odyssey Freediver 40,40,14,48,Miyota 9015; 42; 4 Гц,500_1k,macro_trend,смеш.,active,boldr.md
Boldr Supply Co.,199,Expedition Rushmore,41,14,46,Sellita SW200-1; 38; 4 Гц,500_1k,contrarian,смеш.,active,boldr.md
Fiyta,200,Photographer GA860012.BBB,42,11.75,≈49,Miyota 8N24; 40; 3 Гц,300_500,contrarian,смеш.,active,fiyta.md
Fiyta,200,Extreme WGA868001.BBB,44,14,≈52,автоматический Miyota; 40; 3 Гц,500_1k,contrarian,смеш.,active,fiyta.md
Fiyta,200,Aerospace Space Walk GA880026.WBW,44,15,≈52,ETA 7750; 42; 4 Гц,2k_5k,insider_hype,смеш.,active,fiyta.md
